datum;ags;Bezirk-Nr;Bezirk-Name;Bezirk-Art;Wahlraum-Bezeichnung;Wahlraum-Adresse;Wahlraum-Barrierefrei;Wahlraum-Barrierefrei-Ergaenzung
06.11.2022;06412000;01001;010-01;W;Stadtbücherei Zentralbibliothek;Hasengasse 4, 60311 Frankfurt am Main;ja;
06.11.2022;06412000;01002;010-02;W;Stadtbücherei Zentralbibliothek;Hasengasse 4, 60311 Frankfurt am Main;ja;
06.11.2022;06412000;04001;040-01;W;Liebfrauenschule;Schäfergasse 23, 60313 Frankfurt am Main;ja;
06.11.2022;06412000;07001;070-01;W;Julius-Leber-Schule;Seilerstraße 32, 60313 Frankfurt am Main;ja;
06.11.2022;06412000;08001;080-01;W;Ludwig-Börne-Schule;Lange Straße 30-36, 60311 Frankfurt am Main;ja;
06.11.2022;06412000;09001;090-01;W;Weißfrauenschule;Gutleutstraße 38 / Moselstraße 11, 60329 Frankfurt am Main;ja;
06.11.2022;06412000;10001;100-01;W;Goethe-Gymnasium;Friedrich-Ebert-Anlage 24, 60325 Frankfurt am Main;ja;
06.11.2022;06412000;10002;100-02;W;Bettinaschule;Feuerbachstraße 37 / Brentanostraße 12, 60325 Frankfurt am Main;ja;
06.11.2022;06412000;11001;110-01;W;Anna-Schmidt-Schule;Gärtnerweg 13 / Fellnerstraße 1, 60322 Frankfurt am Main;ja;
06.11.2022;06412000;11002;110-02;W;Anna-Schmidt-Schule;Gärtnerweg 13 / Fellnerstraße 1, 60322 Frankfurt am Main;ja;
06.11.2022;06412000;12001;120-01;W;Musterschule;Oberweg 5-9, 60318 Frankfurt am Main;nein;
06.11.2022;06412000;12002;120-02;W;Musterschule;Oberweg 5-9, 60318 Frankfurt am Main;nein;
06.11.2022;06412000;12003;120-03;W;Haus der Volksarbeit;Eschenheimer Anlage 21, 60318 Frankfurt am Main;ja;
06.11.2022;06412000;12004;120-04;W;Musterschule;Oberweg 5-9, 60318 Frankfurt am Main;nein;
06.11.2022;06412000;13001;130-01;W;Klingerschule;Eingang: Mauerweg 1, 60316 Frankfurt am Main;ja;
06.11.2022;06412000;13002;130-02;W;Klingerschule;Eingang: Mauerweg 1, 60316 Frankfurt am Main;ja;
06.11.2022;06412000;13003;130-03;W;Klingerschule;Eingang: Mauerweg 1, 60316 Frankfurt am Main;ja;
06.11.2022;06412000;14001;140-01;W;Volkshochschule;Martin-Elsässer-Weg / Sonnemannstraße 13, 60314 Frankfurt am Main;ja;
06.11.2022;06412000;14002;140-02;W;Volkshochschule;Martin-Elsässer-Weg / Sonnemannstraße 13, 60314 Frankfurt am Main;ja;
06.11.2022;06412000;14003;140-03;W;Heinrich-von-Gagern-Gymn. Außenstelle;Hölderlinstraße 6, 60316 Frankfurt am Main;ja;
06.11.2022;06412000;14004;140-04;W;IGS-Herder;Wittelsbacherallee 6-12, 60316 Frankfurt am Main;ja;
06.11.2022;06412000;14005;140-05;W;Volkshochschule;Martin-Elsässer-Weg / Sonnemannstraße 13, 60314 Frankfurt am Main;ja;
06.11.2022;06412000;15101;151-01;W;Johanna-Kirchner-Altenhilfezentrum;Gutleutstraße 319, 60327 Frankfurt am Main;ja;
06.11.2022;06412000;15102;151-02;W;Berufsbildungszentrum;Schönstraße 21, 60327 Frankfurt am Main;ja;
06.11.2022;06412000;15103;151-03;W;Saalbau Haus Gutleut;Rottweiler Straße 32, 60327 Frankfurt am Main;ja;
06.11.2022;06412000;15104;151-04;W;Cronstetten-Haus;Eingang: Bachforellenweg / Speicherstr. 39-47, 60327 Frankfurt am Main;ja;
06.11.2022;06412000;15301;153-01;W;Pfarramt St. Gallus;Mainzer Landstraße 299, 60326 Frankfurt am Main;ja;
06.11.2022;06412000;15302;153-02;W;"AWO Kita Lahn'sche Höfe";Rebstöcker Straße 20, 60326 Frankfurt am Main;ja;
06.11.2022;06412000;15401;154-01;W;Internationale Kita;Ackermannstraße 44, 60326 Frankfurt am Main;ja;
06.11.2022;06412000;15402;154-02;W;Internationale Kita;Ackermannstraße 44, 60326 Frankfurt am Main;ja;
06.11.2022;06412000;16101;161-01;W;Falkschule;Ludwigstraße 34-38, 60327 Frankfurt am Main;nein;
06.11.2022;06412000;16102;161-02;W;Saalbau Haus Gallus;Frankenallee 111, 60326 Frankfurt am Main;ja;
06.11.2022;06412000;16103;161-03;W;Saalbau Haus Gallus;Frankenallee 111, 60326 Frankfurt am Main;ja;
06.11.2022;06412000;16104;161-04;W;Saalbau Haus Gallus;Frankenallee 111, 60326 Frankfurt am Main;ja;
06.11.2022;06412000;16201;162-01;W;Begegnungszentrum;Flörsheimer Straße 16, 60326 Frankfurt am Main;ja;
06.11.2022;06412000;16202;162-02;W;Paul-Hindemith-Schule;Schwalbacher Straße 71-77, 60326 Frankfurt am Main;ja;
06.11.2022;06412000;16203;162-03;W;Begegnungszentrum;Flörsheimer Straße 16, 60326 Frankfurt am Main;ja;
06.11.2022;06412000;16204;162-04;W;Paul-Hindemith-Schule;Schwalbacher Straße 71-77, 60326 Frankfurt am Main;ja;
06.11.2022;06412000;16205;162-05;W;Pax&People;Pariser Straße 6-8, 60486 Frankfurt am Main;ja;
06.11.2022;06412000;16301;163-01;W;Sankt Pius;Philipp-Fleck-Straße 13, 60486 Frankfurt am Main;nein;
06.11.2022;06412000;16302;163-02;W;Viktoria-Luise-Schule;Leonardo-da-Vinci-Allee 11, 60486 Frankfurt am Main;ja;
06.11.2022;06412000;16303;163-03;W;Viktoria-Luise-Schule;Leonardo-da-Vinci-Allee 11, 60486 Frankfurt am Main;ja;
06.11.2022;06412000;16401;164-01;W;Bürgermeister-Grimm-Schule;Ackermannstraße 39, 60326 Frankfurt am Main;nein;
06.11.2022;06412000;16501;165-01;W;Begegnungsstätte Frankenallee;Frankenallee 206, 60326 Frankfurt am Main;ja;
06.11.2022;06412000;16502;165-02;W;Ev. Kirchengem. Frieden und Versöhnung, West-Raum;Frankenallee 150, 60326 Frankfurt am Main;ja;
06.11.2022;06412000;16503;165-03;W;Ev. Kirchengem. Frieden und Versöhnung, Ost-Raum;Frankenallee 150, 60326 Frankfurt am Main;ja;
06.11.2022;06412000;16504;165-04;W;PAREA Gemeinschaftsraum;Pariser Straße 52, 60486 Frankfurt am Main;ja;
06.11.2022;06412000;17001;170-01;W;Elsa-Brändström-Schule;Guiollettstraße / Lindenstraße 2, 60325 Frankfurt am Main;ja;
06.11.2022;06412000;17002;170-02;W;Goethe-Gymnasium;Friedrich-Ebert-Anlage 24, 60325 Frankfurt am Main;ja;
06.11.2022;06412000;17003;170-03;W;Goethe-Gymnasium;Friedrich-Ebert-Anlage 24, 60325 Frankfurt am Main;ja;
06.11.2022;06412000;18001;180-01;W;Lessing-Gymnasium;Hansaallee / Fürstenbergerstraße 166, 60322 Frankfurt am Main;ja;
06.11.2022;06412000;18002;180-02;W;Bettinaschule;Feuerbachstraße 37 / Brentanostraße 12, 60325 Frankfurt am Main;ja;
06.11.2022;06412000;18003;180-03;W;Bettinaschule;Feuerbachstraße 37 / Brentanostraße 12, 60325 Frankfurt am Main;ja;
06.11.2022;06412000;19101;191-01;W;Lessing-Gymnasium;Hansaallee / Fürstenbergerstraße 166, 60322 Frankfurt am Main;ja;
06.11.2022;06412000;19102;191-02;W;Lessing-Gymnasium;Hansaallee / Fürstenbergerstraße 166, 60322 Frankfurt am Main;ja;
06.11.2022;06412000;19103;191-03;W;Lessing-Gymnasium;Hansaallee / Fürstenbergerstraße 166, 60322 Frankfurt am Main;ja;
06.11.2022;06412000;19201;192-01;W;Jugend- und Sozialamt, Zentrale;Eing.: Am Grünhof / Eschersheimer Ldstr. 249, 60320 Frankfurt am Main;ja;
06.11.2022;06412000;19202;192-02;W;Jugend- und Sozialamt, Zentrale;Eing.: Am Grünhof / Eschersheimer Ldstr. 249, 60320 Frankfurt am Main;ja;
06.11.2022;06412000;20101;201-01;W;Berufliche Schulen-Berta-Jourdan;Adlerflychtstraße 24 / Stalburgstraße 25, 60318 Frankfurt am Main;ja;
06.11.2022;06412000;20102;201-02;W;Berufliche Schulen-Berta-Jourdan;Adlerflychtstraße 24 / Stalburgstraße 25, 60318 Frankfurt am Main;ja;
06.11.2022;06412000;20201;202-01;W;Heinrich-Kleyer-Schule;Kühhornshofweg 27, 60320 Frankfurt am Main;ja;
06.11.2022;06412000;20202;202-02;W;Heinrich-Kleyer-Schule;Kühhornshofweg 27, 60320 Frankfurt am Main;ja;
06.11.2022;06412000;20301;203-01;W;Berufliche Schulen-Berta-Jourdan;Adlerflychtstraße 24 / Stalburgstraße 25, 60318 Frankfurt am Main;ja;
06.11.2022;06412000;20302;203-02;W;Elisabethenschule;Vogtstraße 35-37, 60322 Frankfurt am Main;ja;
06.11.2022;06412000;20303;203-03;W;Amt für Wohnungswesen;Adickesallee 67-69, 60322 Frankfurt am Main;ja;
06.11.2022;06412000;20304;203-04;W;Elisabethenschule;Vogtstraße 35-37, 60322 Frankfurt am Main;ja;
06.11.2022;06412000;21101;211-01;W;AWO Nordendzentrum;Eckenheimer Landstraße 93 (Hinterhaus), 60318 Frankfurt am Main;ja;
06.11.2022;06412000;21102;211-02;W;Berufl. Schulen-Berta-Jourdan Außenst.;Lenaustraße 64-68, 60318 Frankfurt am Main;ja;
06.11.2022;06412000;21103;211-03;W;Berufl. Schulen-Berta-Jourdan Außenst.;Lenaustraße 64-68, 60318 Frankfurt am Main;ja;
06.11.2022;06412000;21201;212-01;W;Frankfurt University of Applied Sciences;Nibelungenplatz 1 (Gebäude 4), 60318 Frankfurt am Main;ja;
06.11.2022;06412000;21202;212-02;W;Bürgerhospital;Nibelungenallee 37-41, 60318 Frankfurt am Main;ja;
06.11.2022;06412000;21203;212-03;W;Berufl. Schulen-Berta-Jourdan Außenst.;Lenaustraße 64-68, 60318 Frankfurt am Main;ja;
06.11.2022;06412000;21301;213-01;W;Valentin-Senger-Schule;Valentin-Senger-Straße 9, 60389 Frankfurt am Main;ja;
06.11.2022;06412000;22101;221-01;W;Hans-Böckler-Schule (Gebäude B);Martin-Luther-Straße 55 / Böttgerstraße 23, 60389 Frankfurt am Main;ja;
06.11.2022;06412000;22102;221-02;W;Merianschule;Eingang: Vogelsbergstraße / Burgstraße 21, 60316 Frankfurt am Main;ja;
06.11.2022;06412000;22103;221-03;W;Merianschule;Eingang: Vogelsbergstraße / Burgstraße 21, 60316 Frankfurt am Main;ja;
06.11.2022;06412000;22201;222-01;W;IGS-Nordend;Hartmann-Ibach-Straße 54-58, 60389 Frankfurt am Main;ja;
06.11.2022;06412000;22202;222-02;W;IGS-Nordend;Hartmann-Ibach-Straße 54-58, 60389 Frankfurt am Main;ja;
06.11.2022;06412000;22203;222-03;W;Hans-Böckler-Schule (Gebäude B);Martin-Luther-Straße 55 / Böttgerstraße 23, 60389 Frankfurt am Main;ja;
06.11.2022;06412000;22204;222-04;W;Hans-Böckler-Schule (Gebäude B);Martin-Luther-Straße 55 / Böttgerstraße 23, 60389 Frankfurt am Main;ja;
06.11.2022;06412000;23001;230-01;W;Jugendhaus Heideplatz;Schleiermacherstraße 7, 60316 Frankfurt am Main;ja;
06.11.2022;06412000;23002;230-02;W;Christuskirche;Merianplatz 13, 60318 Frankfurt am Main;ja;
06.11.2022;06412000;23003;230-03;W;Klingerschule;Eingang: Mauerweg 1, 60316 Frankfurt am Main;ja;
06.11.2022;06412000;24001;240-01;W;Altentagesstätte der AWO;Eichwaldstraße 71 (Hinterhaus), 60385 Frankfurt am Main;ja;
06.11.2022;06412000;24002;240-02;W;Stadtteilbibliothek Bornheim;Eing.: Bornheimer Landw./Arnsburger Str. 24, 60385 Frankfurt am Main;ja;
06.11.2022;06412000;25101;251-01;W;IGS-Herder;Wittelsbacherallee 6-12, 60316 Frankfurt am Main;ja;
06.11.2022;06412000;25102;251-02;W;IGS-Herder;Wittelsbacherallee 6-12, 60316 Frankfurt am Main;ja;
06.11.2022;06412000;25103;251-03;W;August-Stunz-Zentrum;Röderbergweg 82, 60314 Frankfurt am Main;ja;
06.11.2022;06412000;25104;251-04;W;IGS-Herder;Wittelsbacherallee 6-12, 60316 Frankfurt am Main;ja;
06.11.2022;06412000;25201;252-01;W;Helmholtzschule;B.-Grimm-/Helmholtzstr./Habsburgerallee 57-59, 60385 Frankfurt am Main;ja;
06.11.2022;06412000;25202;252-02;W;Helmholtzschule;B.-Grimm-/Helmholtzstr./Habsburgerallee 57-59, 60385 Frankfurt am Main;ja;
06.11.2022;06412000;25203;252-03;W;Stauffenbergschule;Arnsburger Straße 44, 60385 Frankfurt am Main;ja;
06.11.2022;06412000;25204;252-04;W;Dahlmannschule;Luxemburgerallee 24, 60315 Frankfurt am Main;ja;
06.11.2022;06412000;25205;252-05;W;Dahlmannschule;Luxemburgerallee 24, 60315 Frankfurt am Main;ja;
06.11.2022;06412000;26101;261-01;W;August-Stunz-Zentrum;Röderbergweg 82, 60314 Frankfurt am Main;ja;
06.11.2022;06412000;26102;261-02;W;Volkshochschule;Martin-Elsässer-Weg / Sonnemannstraße 13, 60314 Frankfurt am Main;ja;
06.11.2022;06412000;26103;261-03;W;Osthafenforum;Lindleystraße 15, 60314 Frankfurt am Main;ja;
06.11.2022;06412000;26201;262-01;W;Heilig-Geist-Gemeinde;Schäfflestraße 19, 60386 Frankfurt am Main;ja;
06.11.2022;06412000;26202;262-02;W;Heilig-Geist-Gemeinde;Schäfflestraße 19, 60386 Frankfurt am Main;ja;
06.11.2022;06412000;27101;271-01;W;Louise-von-Rothschild-Schule, Mensa;Usinger Straße 24, 60389 Frankfurt am Main;ja;
06.11.2022;06412000;27102;271-02;W;Louise-von-Rothschild-Schule;Usinger Straße 24, 60389 Frankfurt am Main;nein;
06.11.2022;06412000;27201;272-01;W;Sozialrathaus Ost -  Dienstort Bornheim;Eulengasse 64, 60385 Frankfurt am Main;ja;
06.11.2022;06412000;27202;272-02;W;Sozialrathaus Ost -  Dienstort Bornheim;Eulengasse 64, 60385 Frankfurt am Main;ja;
06.11.2022;06412000;27203;272-03;W;Kirchnerschule;Berger Straße 268 / Eing.: Löwengasse 23, 60385 Frankfurt am Main;ja;
06.11.2022;06412000;27204;272-04;W;Luisenhof Kantine der FES;Weidenbornstraße 40, 60389 Frankfurt am Main;ja;
06.11.2022;06412000;27205;272-05;W;Valentin-Senger-Schule;Valentin-Senger-Straße 9, 60389 Frankfurt am Main;ja;
06.11.2022;06412000;28101;281-01;W;Haus Saalburg;Saalburgallee 9 / Andreaestraße 7, 60385 Frankfurt am Main;ja;
06.11.2022;06412000;28102;281-02;W;St. Josef-Gemeinde Außenstelle;Kettelerallee 45, 60385 Frankfurt am Main;ja;
06.11.2022;06412000;28103;281-03;W;Theater Gruene Sosse;Löwengasse 27 K (2. Hinterhaus), 60385 Frankfurt am Main;ja;
06.11.2022;06412000;28201;282-01;W;Brüder-Grimm-Schule;Rhönstraße 133, 60385 Frankfurt am Main;ja;
06.11.2022;06412000;28202;282-02;W;Stauffenbergschule;Arnsburger Straße 44, 60385 Frankfurt am Main;ja;
06.11.2022;06412000;28203;282-03;W;Stauffenbergschule;Arnsburger Straße 44, 60385 Frankfurt am Main;ja;
06.11.2022;06412000;29001;290-01;W;Kirchnerschule;Berger Straße 268 / Eing.: Löwengasse 23, 60385 Frankfurt am Main;ja;
06.11.2022;06412000;29002;290-02;W;AWO Altentagesstätte;Kohlbrandstraße 24 (UG), 60385 Frankfurt am Main;ja;
06.11.2022;06412000;30001;300-01;W;Bergiusschule;Frankensteiner Platz 1/Deutschherrnufer 17, 60594 Frankfurt am Main;ja;
06.11.2022;06412000;30002;300-02;W;Bergiusschule;Frankensteiner Platz 1/Deutschherrnufer 17, 60594 Frankfurt am Main;ja;
06.11.2022;06412000;32101;321-01;W;Schillerschule;Morgensternstraße 3, 60596 Frankfurt am Main;ja;
06.11.2022;06412000;32102;321-02;W;Schillerschule;Morgensternstraße 3, 60596 Frankfurt am Main;ja;
06.11.2022;06412000;32103;321-03;W;Carl-Schurz-Schule;Holbeinstraße 21-23 / Schneckenhofstraße 32, 60596 Frankfurt am Main;ja;
06.11.2022;06412000;32201;322-01;W;Riedhofschule;Riedhofweg 15-19 / Tiroler Straße 97, 60596 Frankfurt am Main;ja;
06.11.2022;06412000;32202;322-02;W;Riedhofschule;Riedhofweg 15-19 / Tiroler Straße 97, 60596 Frankfurt am Main;ja;
06.11.2022;06412000;32203;322-03;W;Carl-Schurz-Schule;Holbeinstraße 21-23 / Schneckenhofstraße 32, 60596 Frankfurt am Main;ja;
06.11.2022;06412000;32204;322-04;W;Carl-Schurz-Schule;Holbeinstraße 21-23 / Schneckenhofstraße 32, 60596 Frankfurt am Main;ja;
06.11.2022;06412000;32205;322-05;W;Carl-Schurz-Schule;Holbeinstraße 21-23 / Schneckenhofstraße 32, 60596 Frankfurt am Main;ja;
06.11.2022;06412000;32301;323-01;W;Freiherr-vom-Stein-Schule;Hedderichstraße / Schweizer Straße 87, 60594 Frankfurt am Main;ja;
06.11.2022;06412000;32302;323-02;W;Freiherr-vom-Stein-Schule;Hedderichstraße / Schweizer Straße 87, 60594 Frankfurt am Main;ja;
06.11.2022;06412000;32303;323-03;W;Riedhofschule;Riedhofweg 15-19 / Tiroler Straße 97, 60596 Frankfurt am Main;ja;
06.11.2022;06412000;32304;323-04;W;Martin-Buber-Schule;Sachsenhäuser Landwehrweg 301, 60598 Frankfurt am Main;ja;
06.11.2022;06412000;32305;323-05;W;Martin-Buber-Schule;Sachsenhäuser Landwehrweg 301, 60598 Frankfurt am Main;ja;
06.11.2022;06412000;32306;323-06;W;Freiherr-vom-Stein-Schule;Hedderichstraße / Schweizer Straße 87, 60594 Frankfurt am Main;ja;
06.11.2022;06412000;32401;324-01;W;Freiherr-vom-Stein-Schule;Hedderichstraße / Schweizer Straße 87, 60594 Frankfurt am Main;ja;
06.11.2022;06412000;32402;324-02;W;Textorschule Hauptstelle;Oppenheimer Landstraße 15, 60594 Frankfurt am Main;ja;
06.11.2022;06412000;32403;324-03;W;Textorschule Hauptstelle;Oppenheimer Landstraße 15, 60594 Frankfurt am Main;ja;
06.11.2022;06412000;32404;324-04;W;Textorschule Hauptstelle;Oppenheimer Landstraße 15, 60594 Frankfurt am Main;ja;
06.11.2022;06412000;32601;326-01;W;Konrad-von-Preysing-Haus;Ziegelhüttenweg 151, 60598 Frankfurt am Main;ja;
06.11.2022;06412000;32602;326-02;W;Teplitz-Pavillon Treffpunkt Süd;Teplitz-Schönauer-Straße 1 A, 60598 Frankfurt am Main;ja;
06.11.2022;06412000;32603;326-03;W;Riedhofschule;Riedhofweg 15-19 / Tiroler Straße 97, 60596 Frankfurt am Main;ja;
06.11.2022;06412000;33101;331-01;W;Kita Krachmacherstraße;Zum Laurenburger Hof / Deutschherrnufer 44, 60594 Frankfurt am Main;ja;
06.11.2022;06412000;33102;331-02;W;KiZ 84;Willemerstraße 22, 60594 Frankfurt am Main;ja;
06.11.2022;06412000;33103;331-03;W;KiZ 123;Siemensstraße 21, 60594 Frankfurt am Main;ja;
06.11.2022;06412000;33201;332-01;W;Bürgermeister-Gräf-Haus;Hühnerweg 22, 60599 Frankfurt am Main;ja;
06.11.2022;06412000;33202;332-02;W;Bürgermeister-Gräf-Haus;Hühnerweg 22, 60599 Frankfurt am Main;ja;
06.11.2022;06412000;33203;332-03;W;Mühlbergschule Pavillonanlage;Seehofstraße 45, 60599 Frankfurt am Main;ja;
06.11.2022;06412000;33204;332-04;W;Bürgermeister-Gräf-Haus;Hühnerweg 22, 60599 Frankfurt am Main;ja;
06.11.2022;06412000;33205;332-05;W;Mühlbergschule Pavillonanlage;Seehofstraße 45, 60599 Frankfurt am Main;ja;
06.11.2022;06412000;33206;332-06;W;Mühlbergschule Pavillonanlage;Seehofstraße 45, 60599 Frankfurt am Main;ja;
06.11.2022;06412000;34101;341-01;W;Bonifatiusschule;Hamburger Allee 43, 60486 Frankfurt am Main;ja;
06.11.2022;06412000;34102;341-02;W;Bonifatiusschule;Hamburger Allee 43, 60486 Frankfurt am Main;ja;
06.11.2022;06412000;34103;341-03;W;Bonifatiusschule;Hamburger Allee 43, 60486 Frankfurt am Main;ja;
06.11.2022;06412000;34201;342-01;W;Amt für Bau und Immobilien;Solmstraße 27-37, 60486 Frankfurt am Main;ja;
06.11.2022;06412000;34202;342-02;W;Amt für Bau und Immobilien;Solmstraße 27-37, 60486 Frankfurt am Main;ja;
06.11.2022;06412000;34301;343-01;W;Chemetall Kantine;Trakehner Straße 4, 60487 Frankfurt am Main;ja;
06.11.2022;06412000;34401;344-01;W;Hessenkolleg;Biegweg 41, 60487 Frankfurt am Main;ja;
06.11.2022;06412000;35001;350-01;W;St. Elisabeth Gemeindezentrum;Kurfürstenplatz 29 (Hinterhaus), 60486 Frankfurt am Main;ja;
06.11.2022;06412000;35002;350-02;W;Pflegeheim Bockenheim;Friesengasse 7, 60487 Frankfurt am Main;ja;
06.11.2022;06412000;35003;350-03;W;Pflegeheim Bockenheim;Friesengasse 7, 60487 Frankfurt am Main;ja;
06.11.2022;06412000;35004;350-04;W;Diakonie Hessen;Eingang: Werrastraße / Ederstraße 12, 60486 Frankfurt am Main;ja;
06.11.2022;06412000;36101;361-01;W;Titania;Basaltstraße 23, 60487 Frankfurt am Main;ja;
06.11.2022;06412000;36102;361-02;W;Franckeschule;Falkstraße 71, 60487 Frankfurt am Main;ja;
06.11.2022;06412000;36103;361-03;W;Franckeschule;Falkstraße 71, 60487 Frankfurt am Main;ja;
06.11.2022;06412000;36201;362-01;W;Gemeindehaus der Sophia-Kirche;Frauenlobstraße 2, 60487 Frankfurt am Main;ja;
06.11.2022;06412000;36202;362-02;W;Max-Beckmann-Schule;Sophienstraße 70 / Georg-Speyer-Straße 39, 60487 Frankfurt am Main;ja;
06.11.2022;06412000;36203;362-03;W;Max-Beckmann-Schule;Sophienstraße 70 / Georg-Speyer-Straße 39, 60487 Frankfurt am Main;ja;
06.11.2022;06412000;36204;362-04;W;Ev. Gemeinde Bockenheim;Grempstraße / Kirchplatz 9, 60487 Frankfurt am Main;ja;
06.11.2022;06412000;37101;371-01;W;Frauenhofschule;Schleusenweg / Niederräder Landstraße 60-62, 60528 Frankfurt am Main;ja;
06.11.2022;06412000;37102;371-02;W;KGS Niederrad;Mainfeldstraße 45, 60528 Frankfurt am Main;ja;
06.11.2022;06412000;37103;371-03;W;KGS Niederrad;Mainfeldstraße 45, 60528 Frankfurt am Main;ja;
06.11.2022;06412000;37104;371-04;W;KGS Niederrad;Mainfeldstraße 45, 60528 Frankfurt am Main;ja;
06.11.2022;06412000;37105;371-05;W;Raum für Kultur;Im Mainfeld 6, 60528 Frankfurt am Main;ja;
06.11.2022;06412000;37106;371-06;W;Raum für Kultur;Im Mainfeld 6, 60528 Frankfurt am Main;ja;
06.11.2022;06412000;37201;372-01;W;Saalbau Turnhalle NTG;Goldsteinstraße 35, 60528 Frankfurt am Main;ja;
06.11.2022;06412000;37202;372-02;W;Friedrich-Fröbel-Schule;Heinrich-Seliger-Str. / Else-Alken-Str. 3, 60528 Frankfurt am Main;ja;
06.11.2022;06412000;37203;372-03;W;Friedrich-Fröbel-Schule;Heinrich-Seliger-Str. / Else-Alken-Str. 3, 60528 Frankfurt am Main;ja;
06.11.2022;06412000;37204;372-04;W;Friedrich-Fröbel-Schule;Heinrich-Seliger-Str. / Else-Alken-Str. 3, 60528 Frankfurt am Main;ja;
06.11.2022;06412000;37205;372-05;W;Saalbau Turnhalle NTG;Goldsteinstraße 35, 60528 Frankfurt am Main;ja;
06.11.2022;06412000;37206;372-06;W;Friedrich-Fröbel-Schule;Heinrich-Seliger-Str. / Else-Alken-Str. 3, 60528 Frankfurt am Main;ja;
06.11.2022;06412000;38001;380-01;W;Saalbau Bürgertreff Depot;Offenbacher Landstraße 357, 60599 Frankfurt am Main;ja;
06.11.2022;06412000;38002;380-02;W;PTH Sankt Georgen, Hörsaal 2;Offenbacher Landstraße 224, 60599 Frankfurt am Main;ja;
06.11.2022;06412000;38003;380-03;W;Gruneliusschule;Wiener Straße 13, 60599 Frankfurt am Main;ja;
06.11.2022;06412000;38004;380-04;W;Gruneliusschule;Wiener Straße 13, 60599 Frankfurt am Main;ja;
06.11.2022;06412000;38005;380-05;W;Gruneliusschule;Wiener Straße 13, 60599 Frankfurt am Main;ja;
06.11.2022;06412000;38006;380-06;W;Saalbau Bürgertreff Depot;Offenbacher Landstraße 357, 60599 Frankfurt am Main;ja;
06.11.2022;06412000;39001;390-01;W;Henry und Emma Budge-Stiftung;Wilhelmshöher Straße 279, 60389 Frankfurt am Main;ja;
06.11.2022;06412000;39002;390-02;W;Zentgrafenschule;Hochstädter Str. / Wilhelmshöher Str. 124, 60389 Frankfurt am Main;ja;
06.11.2022;06412000;39003;390-03;W;Pestalozzischule;Vatterstraße 1, 60386 Frankfurt am Main;ja;
06.11.2022;06412000;39004;390-04;W;Hufelandhaus;Wilhelmshöher Straße 34, 60389 Frankfurt am Main;ja;
06.11.2022;06412000;39005;390-05;W;Zentgrafenschule;Hochstädter Str. / Wilhelmshöher Str. 124, 60389 Frankfurt am Main;ja;
06.11.2022;06412000;39006;390-06;W;Friedrich-Ebert-Schule;Im Heimgarten / Arolser Straße 11, 60389 Frankfurt am Main;ja;
06.11.2022;06412000;39007;390-07;W;Blumen- und Zierpflanzengroßmarkt;An der Festeburg 31, 60389 Frankfurt am Main;ja;
06.11.2022;06412000;40101;401-01;W;Michael-Ende-Schule;Niddagaustraße 29, 60489 Frankfurt am Main;ja;
06.11.2022;06412000;40102;401-02;W;Michael-Ende-Schule;Niddagaustraße 29, 60489 Frankfurt am Main;ja;
06.11.2022;06412000;40103;401-03;W;Ev. Cyriakusgemeinde;Alexanderstraße 37 Hinterhaus, 60489 Frankfurt am Main;ja;
06.11.2022;06412000;40104;401-04;W;Michael-Ende-Schule;Niddagaustraße 29, 60489 Frankfurt am Main;ja;
06.11.2022;06412000;40105;401-05;W;DRK OV City-West;Rödelheimer Landstraße 95, 60489 Frankfurt am Main;ja;
06.11.2022;06412000;40201;402-01;W;Auguste-Oberwinter-Haus;Burgfriedenstraße 7, 60489 Frankfurt am Main;ja;
06.11.2022;06412000;40202;402-02;W;Brentanoschule;Bottenhorner Weg / Biedenkopfer Weg 33, 60489 Frankfurt am Main;ja;
06.11.2022;06412000;40203;402-03;W;Brentanoschule;Bottenhorner Weg / Biedenkopfer Weg 33, 60489 Frankfurt am Main;ja;
06.11.2022;06412000;40204;402-04;W;Brentanoschule;Bottenhorner Weg / Biedenkopfer Weg 33, 60489 Frankfurt am Main;ja;
06.11.2022;06412000;41001;410-01;W;Kerschensteinerschule;Am Spritzenhaus 2, 60488 Frankfurt am Main;ja;
06.11.2022;06412000;41002;410-02;W;Kerschensteinerschule;Am Spritzenhaus 2, 60488 Frankfurt am Main;ja;
06.11.2022;06412000;41003;410-03;W;Kerschensteinerschule;Am Spritzenhaus 2, 60488 Frankfurt am Main;ja;
06.11.2022;06412000;42201;422-01;W;Gymnasium Nord (Westhausen);Muckermannstraße 1, 60488 Frankfurt am Main;ja;
06.11.2022;06412000;42202;422-02;W;Gymnasium Nord (Westhausen);Muckermannstraße 1, 60488 Frankfurt am Main;ja;
06.11.2022;06412000;42203;422-03;W;Gymnasium Nord (Westhausen);Muckermannstraße 1, 60488 Frankfurt am Main;ja;
06.11.2022;06412000;42301;423-01;W;Liebigschule;Kollwitzstraße 3, 60488 Frankfurt am Main;ja;
06.11.2022;06412000;42302;423-02;W;Liebigschule;Kollwitzstraße 3, 60488 Frankfurt am Main;ja;
06.11.2022;06412000;42401;424-01;W;Pflegeheim Praunheim;Alt-Praunheim 48, 60488 Frankfurt am Main;ja;
06.11.2022;06412000;42501;425-01;W;Pflegeheim Praunheim;Alt-Praunheim 48, 60488 Frankfurt am Main;ja;
06.11.2022;06412000;42601;426-01;W;Römerstadtschule;Eingang über: In der Römerstadt 120 D, 60439 Frankfurt am Main;ja;
06.11.2022;06412000;42602;426-02;W;Ernst-Reuter-Schule I, Gebäude E;Eingang: Praunheimer Weg 124, 60439 Frankfurt am Main;ja;
06.11.2022;06412000;43101;431-01;W;Ökumenische Kita;An den Mühlwegen 50, 60439 Frankfurt am Main;ja;
06.11.2022;06412000;43102;431-02;W;KiZ 129;Oranienstraße 16 B, 60439 Frankfurt am Main;ja;
06.11.2022;06412000;43103;431-03;W;Gemeinde St. Peter und Paul;Heddernheimer Landstraße 47 A, 60439 Frankfurt am Main;ja;
06.11.2022;06412000;43104;431-04;W;Begegnungsstätte;Aßlarer Straße 3, 60439 Frankfurt am Main;ja;
06.11.2022;06412000;43105;431-05;W;Sozialwerk Main Taunus;Oberschelder Weg 23, 60439 Frankfurt am Main;ja;
06.11.2022;06412000;43201;432-01;W;St. Thomas Gemeinde;Heddernheimer Kirchstraße 5, 60439 Frankfurt am Main;ja;
06.11.2022;06412000;43202;432-02;W;Römerstadtschule;Eingang über: In der Römerstadt 120 D, 60439 Frankfurt am Main;ja;
06.11.2022;06412000;43203;432-03;W;Geschwister-Scholl-Schule;Hadrianstraße 18, 60439 Frankfurt am Main;ja;
06.11.2022;06412000;43204;432-04;W;Römerstadtschule;Eingang über: In der Römerstadt 120 D, 60439 Frankfurt am Main;ja;
06.11.2022;06412000;44101;441-01;W;Bethlehemgemeinde;Fuchshohl 1, 60431 Frankfurt am Main;ja;
06.11.2022;06412000;44102;441-02;W;Kita Zauberwürfel;Paquetstraße 26 D, 60431 Frankfurt am Main;ja;
06.11.2022;06412000;44103;441-03;W;Jugendclub Stefan Zweig;Stefan-Zweig-Straße 16, 60431 Frankfurt am Main;ja;
06.11.2022;06412000;44104;441-04;W;Bethlehemgemeinde;Fuchshohl 1, 60431 Frankfurt am Main;ja;
06.11.2022;06412000;44105;441-05;W;Kindergarten Stern von Bethlehem;Karl-Kotzenberg-Straße 10, 60431 Frankfurt am Main;ja;
06.11.2022;06412000;44106;441-06;W;Altenwohnanlage Ginnheim;Reichelstraße 50, 60431 Frankfurt am Main;ja;
06.11.2022;06412000;44107;441-07;W;Bethlehemgemeinde;Fuchshohl 1, 60431 Frankfurt am Main;ja;
06.11.2022;06412000;44108;441-08;W;Astrid-Lindgren-Schule;Platenstraße 75, 60431 Frankfurt am Main;ja;
06.11.2022;06412000;44201;442-01;W;Astrid-Lindgren-Schule;Platenstraße 75, 60431 Frankfurt am Main;ja;
06.11.2022;06412000;44202;442-02;W;Franz-Böhm-Schule;Eichendorffstraße 67-69, 60320 Frankfurt am Main;ja;
06.11.2022;06412000;44203;442-03;W;Franz-Böhm-Schule;Eichendorffstraße 67-69, 60320 Frankfurt am Main;ja;
06.11.2022;06412000;44204;442-04;W;Franz-Böhm-Schule;Eichendorffstraße 67-69, 60320 Frankfurt am Main;ja;
06.11.2022;06412000;45101;451-01;W;IGS-Eschersheim;Zehnmorgenstraße 20 / Nußzeil 33, 60433 Frankfurt am Main;ja;
06.11.2022;06412000;45102;451-02;W;Johann-Hinrich-Wichern-Schule;Victor-Gollancz-Weg 4, 60433 Frankfurt am Main;ja;
06.11.2022;06412000;45103;451-03;W;Fried-Lübbecke-Schule;Im Uhrig 17, 60433 Frankfurt am Main;ja;
06.11.2022;06412000;45104;451-04;W;Fried-Lübbecke-Schule;Im Uhrig 17, 60433 Frankfurt am Main;ja;
06.11.2022;06412000;45201;452-01;W;Ziehenschule;Rhaban-Fröhlich-Str./ Josephskirchstr. 9, 60433 Frankfurt am Main;ja;
06.11.2022;06412000;45202;452-02;W;Ludwig-Richter-Schule;Hinter den Ulmen 10, 60433 Frankfurt am Main;ja;
06.11.2022;06412000;45203;452-03;W;Ludwig-Richter-Schule;Hinter den Ulmen 10, 60433 Frankfurt am Main;ja;
06.11.2022;06412000;45204;452-04;W;Ziehenschule;Rhaban-Fröhlich-Str./ Josephskirchstr. 9, 60433 Frankfurt am Main;ja;
06.11.2022;06412000;46101;461-01;W;Münzenbergerschule;Engelthaler Straße 34, 60435 Frankfurt am Main;ja;
06.11.2022;06412000;46102;461-02;W;KiZ 117;Sigmund-Freud-Straße 78, 60435 Frankfurt am Main;ja;
06.11.2022;06412000;46103;461-03;W;Münzenbergerschule;Engelthaler Straße 34, 60435 Frankfurt am Main;ja;
06.11.2022;06412000;46104;461-04;W;Saalbau Haus Ronneburg;Gelnhäuser Straße 2, 60435 Frankfurt am Main;ja;
06.11.2022;06412000;46105;461-05;W;Münzenbergerschule;Engelthaler Straße 34, 60435 Frankfurt am Main;ja;
06.11.2022;06412000;46106;461-06;W;Sozialzentrum Marbachweg;Dörpfeldstraße 6, 60435 Frankfurt am Main;ja;
06.11.2022;06412000;46107;461-07;W;KiZ 56;Eckernförder Straße 67, 60435 Frankfurt am Main;ja;
06.11.2022;06412000;46201;462-01;W;Wöhlerschule;Mierendorffstraße 6, 60320 Frankfurt am Main;ja;
06.11.2022;06412000;46202;462-02;W;Wöhlerschule;Mierendorffstraße 6, 60320 Frankfurt am Main;ja;
06.11.2022;06412000;46203;462-03;W;Rudolf Steiner Haus;Hügelstraße 67, 60433 Frankfurt am Main;ja;
06.11.2022;06412000;46204;462-04;W;Ev. Andreasgemeinde;Kirchhainer Straße 2, 60433 Frankfurt am Main;ja;
06.11.2022;06412000;46205;462-05;W;Ev. Andreasgemeinde;Kirchhainer Straße 2, 60433 Frankfurt am Main;ja;
06.11.2022;06412000;46206;462-06;W;Rudolf Steiner Haus;Hügelstraße 67, 60433 Frankfurt am Main;ja;
06.11.2022;06412000;46301;463-01;W;Heinrich-Kleyer-Schule;Kühhornshofweg 27, 60320 Frankfurt am Main;ja;
06.11.2022;06412000;46302;463-02;W;Wöhlerschule;Mierendorffstraße 6, 60320 Frankfurt am Main;ja;
06.11.2022;06412000;47001;470-01;W;Kita New Betts;Walter-Hesselbach-Straße 130, 60389 Frankfurt am Main;ja;
06.11.2022;06412000;47002;470-02;W;Festeburggemeinde;An der Wolfsweide 58 A, 60435 Frankfurt am Main;ja;
06.11.2022;06412000;47003;470-03;W;Carlo-Mierendorff-Schule;Gravensteiner Platz 2 / Jaspertstraße 63, 60435 Frankfurt am Main;ja;
06.11.2022;06412000;47004;470-04;W;Carlo-Mierendorff-Schule;Gravensteiner Platz 2 / Jaspertstraße 63, 60435 Frankfurt am Main;ja;
06.11.2022;06412000;47005;470-05;W;Ev. Kreuzgemeinde;Alt-Preungesheim 22, 60435 Frankfurt am Main;ja;
06.11.2022;06412000;47006;470-06;W;Liesel-Oestreicher-Schule;Boskoopstraße 6, 60435 Frankfurt am Main;ja;
06.11.2022;06412000;47007;470-07;W;Liesel-Oestreicher-Schule;Boskoopstraße 6, 60435 Frankfurt am Main;ja;
06.11.2022;06412000;48101;481-01;W;Gustav-Adolf-Gemeinde;Karl-Kautsky-Weg 62, 60439 Frankfurt am Main;ja;
06.11.2022;06412000;48102;481-02;W;Heinrich-Kromer-Schule;Niederurseler Landstraße 60, 60439 Frankfurt am Main;ja;
06.11.2022;06412000;48103;481-03;W;Erich-Kästner-Schule;Praunheimer Weg 44, 60439 Frankfurt am Main;ja;
06.11.2022;06412000;48201;482-01;W;Gemeinde St. Matthias;Thomas-Mann-Straße 2-4, 60439 Frankfurt am Main;ja;
06.11.2022;06412000;48202;482-02;W;Mosaikschule;Gerhart-Hauptmann-Ring 240 A, 60439 Frankfurt am Main;ja;
06.11.2022;06412000;48203;482-03;W;Ernst-Reuter-Schule I, Gebäude E;Eingang: Praunheimer Weg 124, 60439 Frankfurt am Main;ja;
06.11.2022;06412000;48301;483-01;W;relexa hotel;Lurgiallee 2, 60439 Frankfurt am Main;ja;
06.11.2022;06412000;49101;491-01;W;August-Jaspert-Schule;Eing.: Im Storchenhain / Harheimer Weg 16, 60437 Frankfurt am Main;ja;
06.11.2022;06412000;49102;491-02;W;August-Jaspert-Schule;Eing.: Im Storchenhain / Harheimer Weg 16, 60437 Frankfurt am Main;ja;
06.11.2022;06412000;49103;491-03;W;Saalbau Zentrum am Bügel (ZAB);Ben-Gurion-Ring 110 A, 60437 Frankfurt am Main;ja;
06.11.2022;06412000;49201;492-01;W;KiZ 137;Am Ulmenrück 8, 60433 Frankfurt am Main;ja;
06.11.2022;06412000;49202;492-02;W;Albert-Schweitzer-Schule;Berkersheimer Weg 26, 60433 Frankfurt am Main;ja;
06.11.2022;06412000;49203;492-03;W;Albert-Schweitzer-Schule;Berkersheimer Weg 26, 60433 Frankfurt am Main;ja;
06.11.2022;06412000;49204;492-04;W;Albert-Schweitzer-Schule;Berkersheimer Weg 26, 60433 Frankfurt am Main;ja;
06.11.2022;06412000;50001;500-01;W;Berkersheimer Schule Neubau;In den Gräben 5, 60435 Frankfurt am Main;ja;
06.11.2022;06412000;50002;500-02;W;Berkersheimer Schule Neubau;In den Gräben 5, 60435 Frankfurt am Main;ja;
06.11.2022;06412000;51001;510-01;W;Saalbau TSG-Halle Fechenheim;Pfortenstraße 55, 60386 Frankfurt am Main;ja;
06.11.2022;06412000;51002;510-02;W;Saalbau TSG-Halle Fechenheim;Pfortenstraße 55, 60386 Frankfurt am Main;ja;
06.11.2022;06412000;51003;510-03;W;Konrad-Haenisch-Schule;Lauterbacher Straße 2, 60386 Frankfurt am Main;ja;
06.11.2022;06412000;51004;510-04;W;Konrad-Haenisch-Schule;Lauterbacher Straße 2, 60386 Frankfurt am Main;ja;
06.11.2022;06412000;52001;520-01;W;Schule am Mainbogen;Fachfeldstraße 34 / Konstanzer Straße 83-85, 60386 Frankfurt am Main;ja;
06.11.2022;06412000;52002;520-02;W;Schule am Mainbogen;Fachfeldstraße 34 / Konstanzer Straße 83-85, 60386 Frankfurt am Main;ja;
06.11.2022;06412000;52003;520-03;W;Schule am Mainbogen;Fachfeldstraße 34 / Konstanzer Straße 83-85, 60386 Frankfurt am Main;ja;
06.11.2022;06412000;53101;531-01;W;August-Gräser-Schule;Brohltalstraße / Gerolsteiner Straße 2, 60529 Frankfurt am Main;ja;
06.11.2022;06412000;53102;531-02;W;August-Gräser-Schule;Brohltalstraße / Gerolsteiner Straße 2, 60529 Frankfurt am Main;ja;
06.11.2022;06412000;53103;531-03;W;August-Gräser-Schule;Brohltalstraße / Gerolsteiner Straße 2, 60529 Frankfurt am Main;ja;
06.11.2022;06412000;53104;531-04;W;Martinushaus;Martinskirchstraße 52 B, 60529 Frankfurt am Main;ja;
06.11.2022;06412000;53105;531-05;W;Martinushaus;Martinskirchstraße 52 B, 60529 Frankfurt am Main;ja;
06.11.2022;06412000;53201;532-01;W;Minna-Specht-Schule;Lilo-Günzler-Straße 18, 60529 Frankfurt am Main;ja;
06.11.2022;06412000;53202;532-02;W;Goldsteinschule;Am Wiesenhof 109, 60529 Frankfurt am Main;ja;
06.11.2022;06412000;53203;532-03;W;Goldsteinschule;Am Wiesenhof 109, 60529 Frankfurt am Main;ja;
06.11.2022;06412000;53204;532-04;W;Saalbau Haus Goldstein;Goldsteinstraße 314, 60529 Frankfurt am Main;ja;
06.11.2022;06412000;53205;532-05;W;Saalbau Haus Goldstein;Goldsteinstraße 314, 60529 Frankfurt am Main;ja;
06.11.2022;06412000;53206;532-06;W;Goldsteinschule;Am Wiesenhof 109, 60529 Frankfurt am Main;ja;
06.11.2022;06412000;54101;541-01;W;Griechische Schule (Turnhalle);Linkstraße 25, 65933 Frankfurt am Main;nein;
06.11.2022;06412000;54102;541-02;W;Griechische Schule (Turnhalle);Linkstraße 25, 65933 Frankfurt am Main;nein;
06.11.2022;06412000;54201;542-01;W;Eichendorffschule;Waldschulstraße 83, 65933 Frankfurt am Main;ja;
06.11.2022;06412000;54202;542-02;W;Eichendorffschule;Waldschulstraße 83, 65933 Frankfurt am Main;ja;
06.11.2022;06412000;54203;542-03;W;Georg-August-Zinn-Schule;Am Mühlgewann 1, 65933 Frankfurt am Main;ja;
06.11.2022;06412000;55101;551-01;W;Boehleschule;Jungmannstraße 3-5, 65933 Frankfurt am Main;ja;
06.11.2022;06412000;55102;551-02;W;Sporthalle Athletikverein;Linkstraße 86-88 Hinterhaus, 65933 Frankfurt am Main;ja;
06.11.2022;06412000;55201;552-01;W;Georg-August-Zinn-Schule;Am Mühlgewann 1, 65933 Frankfurt am Main;ja;
06.11.2022;06412000;55202;552-02;W;Gemeindezentrum St. Hedwig;Elsterstraße 18, 65933 Frankfurt am Main;ja;
06.11.2022;06412000;55203;552-03;W;KiZ 120;Eichhörnchenpfad 2, 65933 Frankfurt am Main;ja;
06.11.2022;06412000;56101;561-01;W;Fridtjof-Nansen-Schule;Dürkheimer Straße 47, 65934 Frankfurt am Main;ja;
06.11.2022;06412000;56102;561-02;W;Fridtjof-Nansen-Schule;Dürkheimer Straße 47, 65934 Frankfurt am Main;ja;
06.11.2022;06412000;56103;561-03;W;Saalbau Haus Nied;Heinrich-Stahl-Straße 3, 65934 Frankfurt am Main;ja;
06.11.2022;06412000;56104;561-04;W;Ev. Kirchengemeinde Nied;Oeserstraße 3 A, 65934 Frankfurt am Main;ja;
06.11.2022;06412000;56105;561-05;W;Ev. Kirchengemeinde Nied;Oeserstraße 3 A, 65934 Frankfurt am Main;ja;
06.11.2022;06412000;56201;562-01;W;Friedrich-List-Schule;Heusingerstraße 14, 65934 Frankfurt am Main;ja;
06.11.2022;06412000;56202;562-02;W;Altenwohnanlage;Birminghamstraße 20, 65934 Frankfurt am Main;ja;
06.11.2022;06412000;56203;562-03;W;Altenwohnanlage;Birminghamstraße 20, 65934 Frankfurt am Main;ja;
06.11.2022;06412000;56204;562-04;W;Friedrich-List-Schule;Heusingerstraße 14, 65934 Frankfurt am Main;ja;
06.11.2022;06412000;57001;570-01;W;Leibnizschule;Gebeschusstraße 24, 65929 Frankfurt am Main;ja;
06.11.2022;06412000;57002;570-02;W;Robert-Blum-Schule;Gerlachstraße 1, 65929 Frankfurt am Main;ja;
06.11.2022;06412000;57003;570-03;W;Robert-Blum-Schule;Gerlachstraße 1, 65929 Frankfurt am Main;ja;
06.11.2022;06412000;58001;580-01;W;Helene-Lange-Schule;Breuerwiesenstraße 4, 65929 Frankfurt am Main;ja;
06.11.2022;06412000;58002;580-02;W;Kasinoschule;Kasinostraße 4, 65929 Frankfurt am Main;ja;
06.11.2022;06412000;59101;591-01;W;Paul-Ehrlich-Schule;Ludwigshafener Straße / Brüningstraße 2, 65929 Frankfurt am Main;ja;
06.11.2022;06412000;59102;591-02;W;Paul-Ehrlich-Schule;Ludwigshafener Straße / Brüningstraße 2, 65929 Frankfurt am Main;ja;
06.11.2022;06412000;60101;601-01;W;Gemeindehaus St. Dionysius;Huthmacherstraße 21 A, 65931 Frankfurt am Main;ja;
06.11.2022;06412000;60102;601-02;W;Meisterschule;Herbert-von-Meister-Straße 5, 65931 Frankfurt am Main;ja;
06.11.2022;06412000;60201;602-01;W;Ludwig-Weber-Schule;Paul-Kirchhof-Platz 13, 65931 Frankfurt am Main;ja;
06.11.2022;06412000;60202;602-02;W;Ludwig-Weber-Schule;Paul-Kirchhof-Platz 13, 65931 Frankfurt am Main;ja;
06.11.2022;06412000;60401;604-01;W;Adolf-Reichwein-Schule;Lenzenbergstraße 70, 65931 Frankfurt am Main;ja;
06.11.2022;06412000;61101;611-01;W;Käthe-Kollwitz-Schule;Blauländchenstr. / West-Höchster Str. 103, 65931 Frankfurt am Main;ja;
06.11.2022;06412000;61102;611-02;W;Käthe-Kollwitz-Schule;Blauländchenstr. / West-Höchster Str. 103, 65931 Frankfurt am Main;ja;
06.11.2022;06412000;61201;612-01;W;Adolf-Reichwein-Schule;Lenzenbergstraße 70, 65931 Frankfurt am Main;ja;
06.11.2022;06412000;61202;612-02;W;Adolf-Reichwein-Schule;Lenzenbergstraße 70, 65931 Frankfurt am Main;ja;
06.11.2022;06412000;62101;621-01;W;Ludwig-Erhard-Schule;Legienstraße 5, 65929 Frankfurt am Main;ja;
06.11.2022;06412000;62102;621-02;W;Ludwig-Erhard-Schule;Legienstraße 5, 65929 Frankfurt am Main;ja;
06.11.2022;06412000;62103;621-03;W;Frankf. Schule für Bekleidung und Mode;Peter-Bied-Straße 55, 65929 Frankfurt am Main;ja;
06.11.2022;06412000;62104;621-04;W;Karl-von-Ibell-Schule;Schmalkaldener Straße 8, 65929 Frankfurt am Main;ja;
06.11.2022;06412000;62201;622-01;W;Beratungs- und Förderzentrum West;Gotenstraße 38, 65929 Frankfurt am Main;ja;
06.11.2022;06412000;62202;622-02;W;Walter-Kolb-Schule;Euckenstraße / Sossenheimer Weg 50-54, 65929 Frankfurt am Main;ja;
06.11.2022;06412000;62203;622-03;W;Walter-Kolb-Schule;Euckenstraße / Sossenheimer Weg 50-54, 65929 Frankfurt am Main;ja;
06.11.2022;06412000;63101;631-01;W;Saalbau Volkshaus Sossenheim;Siegener Straße 22, 65936 Frankfurt am Main;ja;
06.11.2022;06412000;63102;631-02;W;Edith-Stein-Schule;Schaumburger Straße 66-68, 65936 Frankfurt am Main;ja;
06.11.2022;06412000;63103;631-03;W;Edith-Stein-Schule;Schaumburger Straße 66-68, 65936 Frankfurt am Main;ja;
06.11.2022;06412000;63104;631-04;W;Victor-Gollancz-Haus;Kurmainzer Straße 91, 65936 Frankfurt am Main;ja;
06.11.2022;06412000;63201;632-01;W;Saalbau Volkshaus Sossenheim;Siegener Straße 22, 65936 Frankfurt am Main;ja;
06.11.2022;06412000;63202;632-02;W;Albrecht-Dürer-Schule;Sossenheimer Riedstraße 13, 65936 Frankfurt am Main;ja;
06.11.2022;06412000;63203;632-03;W;Saalbau Volkshaus Sossenheim;Siegener Straße 22, 65936 Frankfurt am Main;ja;
06.11.2022;06412000;64001;640-01;W;Saalbau Nieder-Erlenbach;Im Sauern 10, 60437 Frankfurt am Main;ja;
06.11.2022;06412000;64002;640-02;W;Saalbau Nieder-Erlenbach;Im Sauern 10, 60437 Frankfurt am Main;ja;
06.11.2022;06412000;64003;640-03;W;Saalbau Nieder-Erlenbach;Im Sauern 10, 60437 Frankfurt am Main;ja;
06.11.2022;06412000;65001;650-01;W;Grundschule Kalbach;Kalbacher Hauptstraße 54, 60437 Frankfurt am Main;ja;
06.11.2022;06412000;65002;650-02;W;Grundschule Kalbach;Kalbacher Hauptstraße 54, 60437 Frankfurt am Main;ja;
06.11.2022;06412000;65003;650-03;W;Ev. Kita Krambambuli;Kalbacher Stadtpfad 8, 60437 Frankfurt am Main;ja;
06.11.2022;06412000;65101;651-01;W;Grundschule Riedberg;Zur Kalbacher Höhe 15, 60438 Frankfurt am Main;ja;
06.11.2022;06412000;65102;651-02;W;Grundschule Riedberg;Zur Kalbacher Höhe 15, 60438 Frankfurt am Main;ja;
06.11.2022;06412000;65103;651-03;W;Gymnasium Riedberg;Friedrich-Dessauer-Straße 2, 60438 Frankfurt am Main;ja;
06.11.2022;06412000;65104;651-04;W;Gymnasium Riedberg;Friedrich-Dessauer-Straße 2, 60438 Frankfurt am Main;ja;
06.11.2022;06412000;65105;651-05;W;Marie-Curie-Schule;Graf-von-Stauffenberg-Allee 55, 60438 Frankfurt am Main;ja;
06.11.2022;06412000;65106;651-06;W;Marie-Curie-Schule;Graf-von-Stauffenberg-Allee 55, 60438 Frankfurt am Main;ja;
06.11.2022;06412000;65107;651-07;W;Gymnasium Riedberg;Friedrich-Dessauer-Straße 2, 60438 Frankfurt am Main;ja;
06.11.2022;06412000;66001;660-01;W;Saalbau Harheim;In den Schafgärten 21, 60437 Frankfurt am Main;ja;
06.11.2022;06412000;66002;660-02;W;St. Jakobus Kirche;Philipp-Schnell-Straße 53, 60437 Frankfurt am Main;ja;
06.11.2022;06412000;66003;660-03;W;Saalbau Harheim;In den Schafgärten 21, 60437 Frankfurt am Main;ja;
06.11.2022;06412000;67001;670-01;W;Otto-Hahn-Schule;Urseler Weg 27 / Dahlienstraße 20 A, 60437 Frankfurt am Main;ja;
06.11.2022;06412000;67002;670-02;W;Otto-Hahn-Schule;Urseler Weg 27 / Dahlienstraße 20 A, 60437 Frankfurt am Main;ja;
06.11.2022;06412000;67003;670-03;W;Michael-Grzimek-Schule;An der Walkmühle 10, 60437 Frankfurt am Main;ja;
06.11.2022;06412000;67004;670-04;W;Michael-Grzimek-Schule;An der Walkmühle 10, 60437 Frankfurt am Main;ja;
06.11.2022;06412000;67005;670-05;W;Kinderhaus am Bügel;Ben-Gurion-Ring 16, 60437 Frankfurt am Main;ja;
06.11.2022;06412000;67006;670-06;W;Altentagesstätte;Ben-Gurion-Ring 20, 60437 Frankfurt am Main;ja;
06.11.2022;06412000;68001;680-01;W;Schule am Landgraben;Landgraben 2, 60388 Frankfurt am Main;ja;
06.11.2022;06412000;68002;680-02;W;Schule am Landgraben;Landgraben 2, 60388 Frankfurt am Main;ja;
06.11.2022;06412000;68003;680-03;W;Saalbau Stadthalle Bergen;Schelmenburgplatz 2, 60388 Frankfurt am Main;ja;
06.11.2022;06412000;68004;680-04;W;Saalbau Stadthalle Bergen;Schelmenburgplatz 2, 60388 Frankfurt am Main;ja;
06.11.2022;06412000;68005;680-05;W;Ev. Kirche Bergen-Enkheim;Am Königshof 5, 60388 Frankfurt am Main;ja;
06.11.2022;06412000;68006;680-06;W;KiZ 93;Bornweidstraße 27, 60388 Frankfurt am Main;ja;
06.11.2022;06412000;68007;680-07;W;KiZ 93;Bornweidstraße 27, 60388 Frankfurt am Main;ja;
06.11.2022;06412000;68008;680-08;W;Saalbau Volkshaus Enkheim;Borsigallee 40, 60388 Frankfurt am Main;ja;
06.11.2022;06412000;68009;680-09;W;Saalbau Volkshaus Enkheim;Borsigallee 40, 60388 Frankfurt am Main;ja;
06.11.2022;06412000;68010;680-10;W;Saalbau Volkshaus Enkheim;Borsigallee 40, 60388 Frankfurt am Main;ja;
06.11.2022;06412000;90101;901-01;B;Messe Frankfurt GmbH, Briefwahlauszählung;Ludwig-Erhard-Anlage 1, 60327 Frankfurt am Main;ja;
06.11.2022;06412000;90201;902-01;B;Messe Frankfurt GmbH, Briefwahlauszählung;Ludwig-Erhard-Anlage 1, 60327 Frankfurt am Main;ja;
06.11.2022;06412000;90202;902-02;B;Messe Frankfurt GmbH, Briefwahlauszählung;Ludwig-Erhard-Anlage 1, 60327 Frankfurt am Main;ja;
06.11.2022;06412000;90401;904-01;B;Messe Frankfurt GmbH, Briefwahlauszählung;Ludwig-Erhard-Anlage 1, 60327 Frankfurt am Main;ja;
06.11.2022;06412000;90402;904-02;B;Messe Frankfurt GmbH, Briefwahlauszählung;Ludwig-Erhard-Anlage 1, 60327 Frankfurt am Main;ja;
06.11.2022;06412000;90403;904-03;B;Messe Frankfurt GmbH, Briefwahlauszählung;Ludwig-Erhard-Anlage 1, 60327 Frankfurt am Main;ja;
06.11.2022;06412000;90404;904-04;B;Messe Frankfurt GmbH, Briefwahlauszählung;Ludwig-Erhard-Anlage 1, 60327 Frankfurt am Main;ja;
06.11.2022;06412000;90405;904-05;B;Messe Frankfurt GmbH, Briefwahlauszählung;Ludwig-Erhard-Anlage 1, 60327 Frankfurt am Main;ja;
06.11.2022;06412000;90501;905-01;B;Messe Frankfurt GmbH, Briefwahlauszählung;Ludwig-Erhard-Anlage 1, 60327 Frankfurt am Main;ja;
06.11.2022;06412000;90502;905-02;B;Messe Frankfurt GmbH, Briefwahlauszählung;Ludwig-Erhard-Anlage 1, 60327 Frankfurt am Main;ja;
06.11.2022;06412000;90503;905-03;B;Messe Frankfurt GmbH, Briefwahlauszählung;Ludwig-Erhard-Anlage 1, 60327 Frankfurt am Main;ja;
06.11.2022;06412000;90601;906-01;B;Messe Frankfurt GmbH, Briefwahlauszählung;Ludwig-Erhard-Anlage 1, 60327 Frankfurt am Main;ja;
06.11.2022;06412000;90602;906-02;B;Messe Frankfurt GmbH, Briefwahlauszählung;Ludwig-Erhard-Anlage 1, 60327 Frankfurt am Main;ja;
06.11.2022;06412000;90603;906-03;B;Messe Frankfurt GmbH, Briefwahlauszählung;Ludwig-Erhard-Anlage 1, 60327 Frankfurt am Main;ja;
06.11.2022;06412000;90604;906-04;B;Messe Frankfurt GmbH, Briefwahlauszählung;Ludwig-Erhard-Anlage 1, 60327 Frankfurt am Main;ja;
06.11.2022;06412000;90605;906-05;B;Messe Frankfurt GmbH, Briefwahlauszählung;Ludwig-Erhard-Anlage 1, 60327 Frankfurt am Main;ja;
06.11.2022;06412000;90606;906-06;B;Messe Frankfurt GmbH, Briefwahlauszählung;Ludwig-Erhard-Anlage 1, 60327 Frankfurt am Main;ja;
06.11.2022;06412000;90607;906-07;B;Messe Frankfurt GmbH, Briefwahlauszählung;Ludwig-Erhard-Anlage 1, 60327 Frankfurt am Main;ja;
06.11.2022;06412000;90608;906-08;B;Messe Frankfurt GmbH, Briefwahlauszählung;Ludwig-Erhard-Anlage 1, 60327 Frankfurt am Main;ja;
06.11.2022;06412000;90609;906-09;B;Messe Frankfurt GmbH, Briefwahlauszählung;Ludwig-Erhard-Anlage 1, 60327 Frankfurt am Main;ja;
06.11.2022;06412000;90701;907-01;B;Messe Frankfurt GmbH, Briefwahlauszählung;Ludwig-Erhard-Anlage 1, 60327 Frankfurt am Main;ja;
06.11.2022;06412000;90702;907-02;B;Messe Frankfurt GmbH, Briefwahlauszählung;Ludwig-Erhard-Anlage 1, 60327 Frankfurt am Main;ja;
06.11.2022;06412000;90703;907-03;B;Messe Frankfurt GmbH, Briefwahlauszählung;Ludwig-Erhard-Anlage 1, 60327 Frankfurt am Main;ja;
06.11.2022;06412000;90704;907-04;B;Messe Frankfurt GmbH, Briefwahlauszählung;Ludwig-Erhard-Anlage 1, 60327 Frankfurt am Main;ja;
06.11.2022;06412000;90705;907-05;B;Messe Frankfurt GmbH, Briefwahlauszählung;Ludwig-Erhard-Anlage 1, 60327 Frankfurt am Main;ja;
06.11.2022;06412000;90706;907-06;B;Messe Frankfurt GmbH, Briefwahlauszählung;Ludwig-Erhard-Anlage 1, 60327 Frankfurt am Main;ja;
06.11.2022;06412000;90707;907-07;B;Messe Frankfurt GmbH, Briefwahlauszählung;Ludwig-Erhard-Anlage 1, 60327 Frankfurt am Main;ja;
06.11.2022;06412000;90801;908-01;B;Messe Frankfurt GmbH, Briefwahlauszählung;Ludwig-Erhard-Anlage 1, 60327 Frankfurt am Main;ja;
06.11.2022;06412000;90802;908-02;B;Messe Frankfurt GmbH, Briefwahlauszählung;Ludwig-Erhard-Anlage 1, 60327 Frankfurt am Main;ja;
06.11.2022;06412000;90803;908-03;B;Messe Frankfurt GmbH, Briefwahlauszählung;Ludwig-Erhard-Anlage 1, 60327 Frankfurt am Main;ja;
06.11.2022;06412000;90804;908-04;B;Messe Frankfurt GmbH, Briefwahlauszählung;Ludwig-Erhard-Anlage 1, 60327 Frankfurt am Main;ja;
06.11.2022;06412000;90805;908-05;B;Messe Frankfurt GmbH, Briefwahlauszählung;Ludwig-Erhard-Anlage 1, 60327 Frankfurt am Main;ja;
06.11.2022;06412000;90806;908-06;B;Messe Frankfurt GmbH, Briefwahlauszählung;Ludwig-Erhard-Anlage 1, 60327 Frankfurt am Main;ja;
06.11.2022;06412000;90807;908-07;B;Messe Frankfurt GmbH, Briefwahlauszählung;Ludwig-Erhard-Anlage 1, 60327 Frankfurt am Main;ja;
06.11.2022;06412000;90808;908-08;B;Messe Frankfurt GmbH, Briefwahlauszählung;Ludwig-Erhard-Anlage 1, 60327 Frankfurt am Main;ja;
06.11.2022;06412000;90809;908-09;B;Messe Frankfurt GmbH, Briefwahlauszählung;Ludwig-Erhard-Anlage 1, 60327 Frankfurt am Main;ja;
06.11.2022;06412000;90901;909-01;B;Messe Frankfurt GmbH, Briefwahlauszählung;Ludwig-Erhard-Anlage 1, 60327 Frankfurt am Main;ja;
06.11.2022;06412000;90902;909-02;B;Messe Frankfurt GmbH, Briefwahlauszählung;Ludwig-Erhard-Anlage 1, 60327 Frankfurt am Main;ja;
06.11.2022;06412000;90903;909-03;B;Messe Frankfurt GmbH, Briefwahlauszählung;Ludwig-Erhard-Anlage 1, 60327 Frankfurt am Main;ja;
06.11.2022;06412000;90904;909-04;B;Messe Frankfurt GmbH, Briefwahlauszählung;Ludwig-Erhard-Anlage 1, 60327 Frankfurt am Main;ja;
06.11.2022;06412000;90905;909-05;B;Messe Frankfurt GmbH, Briefwahlauszählung;Ludwig-Erhard-Anlage 1, 60327 Frankfurt am Main;ja;
06.11.2022;06412000;90906;909-06;B;Messe Frankfurt GmbH, Briefwahlauszählung;Ludwig-Erhard-Anlage 1, 60327 Frankfurt am Main;ja;
06.11.2022;06412000;90907;909-07;B;Messe Frankfurt GmbH, Briefwahlauszählung;Ludwig-Erhard-Anlage 1, 60327 Frankfurt am Main;ja;
06.11.2022;06412000;90908;909-08;B;Messe Frankfurt GmbH, Briefwahlauszählung;Ludwig-Erhard-Anlage 1, 60327 Frankfurt am Main;ja;
06.11.2022;06412000;90909;909-09;B;Messe Frankfurt GmbH, Briefwahlauszählung;Ludwig-Erhard-Anlage 1, 60327 Frankfurt am Main;ja;
06.11.2022;06412000;91001;910-01;B;Messe Frankfurt GmbH, Briefwahlauszählung;Ludwig-Erhard-Anlage 1, 60327 Frankfurt am Main;ja;
06.11.2022;06412000;91002;910-02;B;Messe Frankfurt GmbH, Briefwahlauszählung;Ludwig-Erhard-Anlage 1, 60327 Frankfurt am Main;ja;
06.11.2022;06412000;91003;910-03;B;Messe Frankfurt GmbH, Briefwahlauszählung;Ludwig-Erhard-Anlage 1, 60327 Frankfurt am Main;ja;
06.11.2022;06412000;91101;911-01;B;Messe Frankfurt GmbH, Briefwahlauszählung;Ludwig-Erhard-Anlage 1, 60327 Frankfurt am Main;ja;
06.11.2022;06412000;91102;911-02;B;Messe Frankfurt GmbH, Briefwahlauszählung;Ludwig-Erhard-Anlage 1, 60327 Frankfurt am Main;ja;
06.11.2022;06412000;91103;911-03;B;Messe Frankfurt GmbH, Briefwahlauszählung;Ludwig-Erhard-Anlage 1, 60327 Frankfurt am Main;ja;
06.11.2022;06412000;91104;911-04;B;Messe Frankfurt GmbH, Briefwahlauszählung;Ludwig-Erhard-Anlage 1, 60327 Frankfurt am Main;ja;
06.11.2022;06412000;91105;911-05;B;Messe Frankfurt GmbH, Briefwahlauszählung;Ludwig-Erhard-Anlage 1, 60327 Frankfurt am Main;ja;
06.11.2022;06412000;91106;911-06;B;Messe Frankfurt GmbH, Briefwahlauszählung;Ludwig-Erhard-Anlage 1, 60327 Frankfurt am Main;ja;
06.11.2022;06412000;91107;911-07;B;Messe Frankfurt GmbH, Briefwahlauszählung;Ludwig-Erhard-Anlage 1, 60327 Frankfurt am Main;ja;
06.11.2022;06412000;91108;911-08;B;Messe Frankfurt GmbH, Briefwahlauszählung;Ludwig-Erhard-Anlage 1, 60327 Frankfurt am Main;ja;
06.11.2022;06412000;91201;912-01;B;Messe Frankfurt GmbH, Briefwahlauszählung;Ludwig-Erhard-Anlage 1, 60327 Frankfurt am Main;ja;
06.11.2022;06412000;91202;912-02;B;Messe Frankfurt GmbH, Briefwahlauszählung;Ludwig-Erhard-Anlage 1, 60327 Frankfurt am Main;ja;
06.11.2022;06412000;91203;912-03;B;Messe Frankfurt GmbH, Briefwahlauszählung;Ludwig-Erhard-Anlage 1, 60327 Frankfurt am Main;ja;
06.11.2022;06412000;91204;912-04;B;Messe Frankfurt GmbH, Briefwahlauszählung;Ludwig-Erhard-Anlage 1, 60327 Frankfurt am Main;ja;
06.11.2022;06412000;91205;912-05;B;Messe Frankfurt GmbH, Briefwahlauszählung;Ludwig-Erhard-Anlage 1, 60327 Frankfurt am Main;ja;
06.11.2022;06412000;91206;912-06;B;Messe Frankfurt GmbH, Briefwahlauszählung;Ludwig-Erhard-Anlage 1, 60327 Frankfurt am Main;ja;
06.11.2022;06412000;91207;912-07;B;Messe Frankfurt GmbH, Briefwahlauszählung;Ludwig-Erhard-Anlage 1, 60327 Frankfurt am Main;ja;
06.11.2022;06412000;91208;912-08;B;Messe Frankfurt GmbH, Briefwahlauszählung;Ludwig-Erhard-Anlage 1, 60327 Frankfurt am Main;ja;
06.11.2022;06412000;91209;912-09;B;Messe Frankfurt GmbH, Briefwahlauszählung;Ludwig-Erhard-Anlage 1, 60327 Frankfurt am Main;ja;
06.11.2022;06412000;91210;912-10;B;Messe Frankfurt GmbH, Briefwahlauszählung;Ludwig-Erhard-Anlage 1, 60327 Frankfurt am Main;ja;
06.11.2022;06412000;91211;912-11;B;Messe Frankfurt GmbH, Briefwahlauszählung;Ludwig-Erhard-Anlage 1, 60327 Frankfurt am Main;ja;
06.11.2022;06412000;91301;913-01;B;Messe Frankfurt GmbH, Briefwahlauszählung;Ludwig-Erhard-Anlage 1, 60327 Frankfurt am Main;ja;
06.11.2022;06412000;91302;913-02;B;Messe Frankfurt GmbH, Briefwahlauszählung;Ludwig-Erhard-Anlage 1, 60327 Frankfurt am Main;ja;
06.11.2022;06412000;91303;913-03;B;Messe Frankfurt GmbH, Briefwahlauszählung;Ludwig-Erhard-Anlage 1, 60327 Frankfurt am Main;ja;
06.11.2022;06412000;91304;913-04;B;Messe Frankfurt GmbH, Briefwahlauszählung;Ludwig-Erhard-Anlage 1, 60327 Frankfurt am Main;ja;
06.11.2022;06412000;91305;913-05;B;Messe Frankfurt GmbH, Briefwahlauszählung;Ludwig-Erhard-Anlage 1, 60327 Frankfurt am Main;ja;
06.11.2022;06412000;91306;913-06;B;Messe Frankfurt GmbH, Briefwahlauszählung;Ludwig-Erhard-Anlage 1, 60327 Frankfurt am Main;ja;
06.11.2022;06412000;91307;913-07;B;Messe Frankfurt GmbH, Briefwahlauszählung;Ludwig-Erhard-Anlage 1, 60327 Frankfurt am Main;ja;
06.11.2022;06412000;91308;913-08;B;Messe Frankfurt GmbH, Briefwahlauszählung;Ludwig-Erhard-Anlage 1, 60327 Frankfurt am Main;ja;
06.11.2022;06412000;91309;913-09;B;Messe Frankfurt GmbH, Briefwahlauszählung;Ludwig-Erhard-Anlage 1, 60327 Frankfurt am Main;ja;
06.11.2022;06412000;91310;913-10;B;Messe Frankfurt GmbH, Briefwahlauszählung;Ludwig-Erhard-Anlage 1, 60327 Frankfurt am Main;ja;
06.11.2022;06412000;91401;914-01;B;Messe Frankfurt GmbH, Briefwahlauszählung;Ludwig-Erhard-Anlage 1, 60327 Frankfurt am Main;ja;
06.11.2022;06412000;91402;914-02;B;Messe Frankfurt GmbH, Briefwahlauszählung;Ludwig-Erhard-Anlage 1, 60327 Frankfurt am Main;ja;
06.11.2022;06412000;91403;914-03;B;Messe Frankfurt GmbH, Briefwahlauszählung;Ludwig-Erhard-Anlage 1, 60327 Frankfurt am Main;ja;
06.11.2022;06412000;91404;914-04;B;Messe Frankfurt GmbH, Briefwahlauszählung;Ludwig-Erhard-Anlage 1, 60327 Frankfurt am Main;ja;
06.11.2022;06412000;91405;914-05;B;Messe Frankfurt GmbH, Briefwahlauszählung;Ludwig-Erhard-Anlage 1, 60327 Frankfurt am Main;ja;
06.11.2022;06412000;91406;914-06;B;Messe Frankfurt GmbH, Briefwahlauszählung;Ludwig-Erhard-Anlage 1, 60327 Frankfurt am Main;ja;
06.11.2022;06412000;91407;914-07;B;Messe Frankfurt GmbH, Briefwahlauszählung;Ludwig-Erhard-Anlage 1, 60327 Frankfurt am Main;ja;
06.11.2022;06412000;91408;914-08;B;Messe Frankfurt GmbH, Briefwahlauszählung;Ludwig-Erhard-Anlage 1, 60327 Frankfurt am Main;ja;
06.11.2022;06412000;91409;914-09;B;Messe Frankfurt GmbH, Briefwahlauszählung;Ludwig-Erhard-Anlage 1, 60327 Frankfurt am Main;ja;
06.11.2022;06412000;91601;916-01;B;Messe Frankfurt GmbH, Briefwahlauszählung;Ludwig-Erhard-Anlage 1, 60327 Frankfurt am Main;ja;
06.11.2022;06412000;91602;916-02;B;Messe Frankfurt GmbH, Briefwahlauszählung;Ludwig-Erhard-Anlage 1, 60327 Frankfurt am Main;ja;
06.11.2022;06412000;91603;916-03;B;Messe Frankfurt GmbH, Briefwahlauszählung;Ludwig-Erhard-Anlage 1, 60327 Frankfurt am Main;ja;
06.11.2022;06412000;91701;917-01;B;Messe Frankfurt GmbH, Briefwahlauszählung;Ludwig-Erhard-Anlage 1, 60327 Frankfurt am Main;ja;
06.11.2022;06412000;91702;917-02;B;Messe Frankfurt GmbH, Briefwahlauszählung;Ludwig-Erhard-Anlage 1, 60327 Frankfurt am Main;ja;
06.11.2022;06412000;91703;917-03;B;Messe Frankfurt GmbH, Briefwahlauszählung;Ludwig-Erhard-Anlage 1, 60327 Frankfurt am Main;ja;
06.11.2022;06412000;91704;917-04;B;Messe Frankfurt GmbH, Briefwahlauszählung;Ludwig-Erhard-Anlage 1, 60327 Frankfurt am Main;ja;
06.11.2022;06412000;91705;917-05;B;Messe Frankfurt GmbH, Briefwahlauszählung;Ludwig-Erhard-Anlage 1, 60327 Frankfurt am Main;ja;
06.11.2022;06412000;91706;917-06;B;Messe Frankfurt GmbH, Briefwahlauszählung;Ludwig-Erhard-Anlage 1, 60327 Frankfurt am Main;ja;
06.11.2022;06412000;91801;918-01;B;Messe Frankfurt GmbH, Briefwahlauszählung;Ludwig-Erhard-Anlage 1, 60327 Frankfurt am Main;ja;
06.11.2022;06412000;91802;918-02;B;Messe Frankfurt GmbH, Briefwahlauszählung;Ludwig-Erhard-Anlage 1, 60327 Frankfurt am Main;ja;
06.11.2022;06412000;91803;918-03;B;Messe Frankfurt GmbH, Briefwahlauszählung;Ludwig-Erhard-Anlage 1, 60327 Frankfurt am Main;ja;
06.11.2022;06412000;91804;918-04;B;Messe Frankfurt GmbH, Briefwahlauszählung;Ludwig-Erhard-Anlage 1, 60327 Frankfurt am Main;ja;
06.11.2022;06412000;91805;918-05;B;Messe Frankfurt GmbH, Briefwahlauszählung;Ludwig-Erhard-Anlage 1, 60327 Frankfurt am Main;ja;
06.11.2022;06412000;91806;918-06;B;Messe Frankfurt GmbH, Briefwahlauszählung;Ludwig-Erhard-Anlage 1, 60327 Frankfurt am Main;ja;
06.11.2022;06412000;91901;919-01;B;Messe Frankfurt GmbH, Briefwahlauszählung;Ludwig-Erhard-Anlage 1, 60327 Frankfurt am Main;ja;
06.11.2022;06412000;91902;919-02;B;Messe Frankfurt GmbH, Briefwahlauszählung;Ludwig-Erhard-Anlage 1, 60327 Frankfurt am Main;ja;
06.11.2022;06412000;91903;919-03;B;Messe Frankfurt GmbH, Briefwahlauszählung;Ludwig-Erhard-Anlage 1, 60327 Frankfurt am Main;ja;
06.11.2022;06412000;91904;919-04;B;Messe Frankfurt GmbH, Briefwahlauszählung;Ludwig-Erhard-Anlage 1, 60327 Frankfurt am Main;ja;
06.11.2022;06412000;91905;919-05;B;Messe Frankfurt GmbH, Briefwahlauszählung;Ludwig-Erhard-Anlage 1, 60327 Frankfurt am Main;ja;
06.11.2022;06412000;92001;920-01;B;Messe Frankfurt GmbH, Briefwahlauszählung;Ludwig-Erhard-Anlage 1, 60327 Frankfurt am Main;ja;
06.11.2022;06412000;92002;920-02;B;Messe Frankfurt GmbH, Briefwahlauszählung;Ludwig-Erhard-Anlage 1, 60327 Frankfurt am Main;ja;
06.11.2022;06412000;92003;920-03;B;Messe Frankfurt GmbH, Briefwahlauszählung;Ludwig-Erhard-Anlage 1, 60327 Frankfurt am Main;ja;
06.11.2022;06412000;92004;920-04;B;Messe Frankfurt GmbH, Briefwahlauszählung;Ludwig-Erhard-Anlage 1, 60327 Frankfurt am Main;ja;
06.11.2022;06412000;92005;920-05;B;Messe Frankfurt GmbH, Briefwahlauszählung;Ludwig-Erhard-Anlage 1, 60327 Frankfurt am Main;ja;
06.11.2022;06412000;92101;921-01;B;Messe Frankfurt GmbH, Briefwahlauszählung;Ludwig-Erhard-Anlage 1, 60327 Frankfurt am Main;ja;
06.11.2022;06412000;92102;921-02;B;Messe Frankfurt GmbH, Briefwahlauszählung;Ludwig-Erhard-Anlage 1, 60327 Frankfurt am Main;ja;
06.11.2022;06412000;92201;922-01;B;Messe Frankfurt GmbH, Briefwahlauszählung;Ludwig-Erhard-Anlage 1, 60327 Frankfurt am Main;ja;
06.11.2022;06412000;92202;922-02;B;Messe Frankfurt GmbH, Briefwahlauszählung;Ludwig-Erhard-Anlage 1, 60327 Frankfurt am Main;ja;
06.11.2022;06412000;92203;922-03;B;Messe Frankfurt GmbH, Briefwahlauszählung;Ludwig-Erhard-Anlage 1, 60327 Frankfurt am Main;ja;
06.11.2022;06412000;92204;922-04;B;Messe Frankfurt GmbH, Briefwahlauszählung;Ludwig-Erhard-Anlage 1, 60327 Frankfurt am Main;ja;
06.11.2022;06412000;92205;922-05;B;Messe Frankfurt GmbH, Briefwahlauszählung;Ludwig-Erhard-Anlage 1, 60327 Frankfurt am Main;ja;
06.11.2022;06412000;92401;924-01;B;Messe Frankfurt GmbH, Briefwahlauszählung;Ludwig-Erhard-Anlage 1, 60327 Frankfurt am Main;ja;
06.11.2022;06412000;92402;924-02;B;Messe Frankfurt GmbH, Briefwahlauszählung;Ludwig-Erhard-Anlage 1, 60327 Frankfurt am Main;ja;
06.11.2022;06412000;92403;924-03;B;Messe Frankfurt GmbH, Briefwahlauszählung;Ludwig-Erhard-Anlage 1, 60327 Frankfurt am Main;ja;
06.11.2022;06412000;92404;924-04;B;Messe Frankfurt GmbH, Briefwahlauszählung;Ludwig-Erhard-Anlage 1, 60327 Frankfurt am Main;ja;
06.11.2022;06412000;92405;924-05;B;Messe Frankfurt GmbH, Briefwahlauszählung;Ludwig-Erhard-Anlage 1, 60327 Frankfurt am Main;ja;
06.11.2022;06412000;92501;925-01;B;Messe Frankfurt GmbH, Briefwahlauszählung;Ludwig-Erhard-Anlage 1, 60327 Frankfurt am Main;ja;
06.11.2022;06412000;92502;925-02;B;Messe Frankfurt GmbH, Briefwahlauszählung;Ludwig-Erhard-Anlage 1, 60327 Frankfurt am Main;ja;
06.11.2022;06412000;92503;925-03;B;Messe Frankfurt GmbH, Briefwahlauszählung;Ludwig-Erhard-Anlage 1, 60327 Frankfurt am Main;ja;
06.11.2022;06412000;92504;925-04;B;Messe Frankfurt GmbH, Briefwahlauszählung;Ludwig-Erhard-Anlage 1, 60327 Frankfurt am Main;ja;
06.11.2022;06412000;92601;926-01;B;Messe Frankfurt GmbH, Briefwahlauszählung;Ludwig-Erhard-Anlage 1, 60327 Frankfurt am Main;ja;
06.11.2022;06412000;92602;926-02;B;Messe Frankfurt GmbH, Briefwahlauszählung;Ludwig-Erhard-Anlage 1, 60327 Frankfurt am Main;ja;
06.11.2022;06412000;92603;926-03;B;Messe Frankfurt GmbH, Briefwahlauszählung;Ludwig-Erhard-Anlage 1, 60327 Frankfurt am Main;ja;
06.11.2022;06412000;92604;926-04;B;Messe Frankfurt GmbH, Briefwahlauszählung;Ludwig-Erhard-Anlage 1, 60327 Frankfurt am Main;ja;
06.11.2022;06412000;92701;927-01;B;Messe Frankfurt GmbH, Briefwahlauszählung;Ludwig-Erhard-Anlage 1, 60327 Frankfurt am Main;ja;
06.11.2022;06412000;92702;927-02;B;Messe Frankfurt GmbH, Briefwahlauszählung;Ludwig-Erhard-Anlage 1, 60327 Frankfurt am Main;ja;
06.11.2022;06412000;92703;927-03;B;Messe Frankfurt GmbH, Briefwahlauszählung;Ludwig-Erhard-Anlage 1, 60327 Frankfurt am Main;ja;
06.11.2022;06412000;92704;927-04;B;Messe Frankfurt GmbH, Briefwahlauszählung;Ludwig-Erhard-Anlage 1, 60327 Frankfurt am Main;ja;
06.11.2022;06412000;92705;927-05;B;Messe Frankfurt GmbH, Briefwahlauszählung;Ludwig-Erhard-Anlage 1, 60327 Frankfurt am Main;ja;
06.11.2022;06412000;92706;927-06;B;Messe Frankfurt GmbH, Briefwahlauszählung;Ludwig-Erhard-Anlage 1, 60327 Frankfurt am Main;ja;
06.11.2022;06412000;92801;928-01;B;Messe Frankfurt GmbH, Briefwahlauszählung;Ludwig-Erhard-Anlage 1, 60327 Frankfurt am Main;ja;
06.11.2022;06412000;92802;928-02;B;Messe Frankfurt GmbH, Briefwahlauszählung;Ludwig-Erhard-Anlage 1, 60327 Frankfurt am Main;ja;
06.11.2022;06412000;92803;928-03;B;Messe Frankfurt GmbH, Briefwahlauszählung;Ludwig-Erhard-Anlage 1, 60327 Frankfurt am Main;ja;
06.11.2022;06412000;92804;928-04;B;Messe Frankfurt GmbH, Briefwahlauszählung;Ludwig-Erhard-Anlage 1, 60327 Frankfurt am Main;ja;
06.11.2022;06412000;92901;929-01;B;Messe Frankfurt GmbH, Briefwahlauszählung;Ludwig-Erhard-Anlage 1, 60327 Frankfurt am Main;ja;
06.11.2022;06412000;92902;929-02;B;Messe Frankfurt GmbH, Briefwahlauszählung;Ludwig-Erhard-Anlage 1, 60327 Frankfurt am Main;ja;
06.11.2022;06412000;92903;929-03;B;Messe Frankfurt GmbH, Briefwahlauszählung;Ludwig-Erhard-Anlage 1, 60327 Frankfurt am Main;ja;
06.11.2022;06412000;92904;929-04;B;Messe Frankfurt GmbH, Briefwahlauszählung;Ludwig-Erhard-Anlage 1, 60327 Frankfurt am Main;ja;
06.11.2022;06412000;93001;930-01;B;Messe Frankfurt GmbH, Briefwahlauszählung;Ludwig-Erhard-Anlage 1, 60327 Frankfurt am Main;ja;
06.11.2022;06412000;93002;930-02;B;Messe Frankfurt GmbH, Briefwahlauszählung;Ludwig-Erhard-Anlage 1, 60327 Frankfurt am Main;ja;
06.11.2022;06412000;93003;930-03;B;Messe Frankfurt GmbH, Briefwahlauszählung;Ludwig-Erhard-Anlage 1, 60327 Frankfurt am Main;ja;
06.11.2022;06412000;93004;930-04;B;Messe Frankfurt GmbH, Briefwahlauszählung;Ludwig-Erhard-Anlage 1, 60327 Frankfurt am Main;ja;
06.11.2022;06412000;93101;931-01;B;Messe Frankfurt GmbH, Briefwahlauszählung;Ludwig-Erhard-Anlage 1, 60327 Frankfurt am Main;ja;
06.11.2022;06412000;93102;931-02;B;Messe Frankfurt GmbH, Briefwahlauszählung;Ludwig-Erhard-Anlage 1, 60327 Frankfurt am Main;ja;
06.11.2022;06412000;93201;932-01;B;Messe Frankfurt GmbH, Briefwahlauszählung;Ludwig-Erhard-Anlage 1, 60327 Frankfurt am Main;ja;
06.11.2022;06412000;93301;933-01;B;Messe Frankfurt GmbH, Briefwahlauszählung;Ludwig-Erhard-Anlage 1, 60327 Frankfurt am Main;ja;
06.11.2022;06412000;93401;934-01;B;Messe Frankfurt GmbH, Briefwahlauszählung;Ludwig-Erhard-Anlage 1, 60327 Frankfurt am Main;ja;
06.11.2022;06412000;93402;934-02;B;Messe Frankfurt GmbH, Briefwahlauszählung;Ludwig-Erhard-Anlage 1, 60327 Frankfurt am Main;ja;
06.11.2022;06412000;93403;934-03;B;Messe Frankfurt GmbH, Briefwahlauszählung;Ludwig-Erhard-Anlage 1, 60327 Frankfurt am Main;ja;
06.11.2022;06412000;93501;935-01;B;Messe Frankfurt GmbH, Briefwahlauszählung;Ludwig-Erhard-Anlage 1, 60327 Frankfurt am Main;ja;
06.11.2022;06412000;93502;935-02;B;Messe Frankfurt GmbH, Briefwahlauszählung;Ludwig-Erhard-Anlage 1, 60327 Frankfurt am Main;ja;
06.11.2022;06412000;93503;935-03;B;Messe Frankfurt GmbH, Briefwahlauszählung;Ludwig-Erhard-Anlage 1, 60327 Frankfurt am Main;ja;
06.11.2022;06412000;93504;935-04;B;Messe Frankfurt GmbH, Briefwahlauszählung;Ludwig-Erhard-Anlage 1, 60327 Frankfurt am Main;ja;
06.11.2022;06412000;93601;936-01;B;Messe Frankfurt GmbH, Briefwahlauszählung;Ludwig-Erhard-Anlage 1, 60327 Frankfurt am Main;ja;
06.11.2022;06412000;93602;936-02;B;Messe Frankfurt GmbH, Briefwahlauszählung;Ludwig-Erhard-Anlage 1, 60327 Frankfurt am Main;ja;
06.11.2022;06412000;93603;936-03;B;Messe Frankfurt GmbH, Briefwahlauszählung;Ludwig-Erhard-Anlage 1, 60327 Frankfurt am Main;ja;
06.11.2022;06412000;93701;937-01;B;Messe Frankfurt GmbH, Briefwahlauszählung;Ludwig-Erhard-Anlage 1, 60327 Frankfurt am Main;ja;
06.11.2022;06412000;93702;937-02;B;Messe Frankfurt GmbH, Briefwahlauszählung;Ludwig-Erhard-Anlage 1, 60327 Frankfurt am Main;ja;
06.11.2022;06412000;93703;937-03;B;Messe Frankfurt GmbH, Briefwahlauszählung;Ludwig-Erhard-Anlage 1, 60327 Frankfurt am Main;ja;
06.11.2022;06412000;93704;937-04;B;Messe Frankfurt GmbH, Briefwahlauszählung;Ludwig-Erhard-Anlage 1, 60327 Frankfurt am Main;ja;
06.11.2022;06412000;93801;938-01;B;Messe Frankfurt GmbH, Briefwahlauszählung;Ludwig-Erhard-Anlage 1, 60327 Frankfurt am Main;ja;
06.11.2022;06412000;93802;938-02;B;Messe Frankfurt GmbH, Briefwahlauszählung;Ludwig-Erhard-Anlage 1, 60327 Frankfurt am Main;ja;
06.11.2022;06412000;93901;939-01;B;Messe Frankfurt GmbH, Briefwahlauszählung;Ludwig-Erhard-Anlage 1, 60327 Frankfurt am Main;ja;
06.11.2022;06412000;93902;939-02;B;Messe Frankfurt GmbH, Briefwahlauszählung;Ludwig-Erhard-Anlage 1, 60327 Frankfurt am Main;ja;
06.11.2022;06412000;93903;939-03;B;Messe Frankfurt GmbH, Briefwahlauszählung;Ludwig-Erhard-Anlage 1, 60327 Frankfurt am Main;ja;
06.11.2022;06412000;94001;940-01;B;Messe Frankfurt GmbH, Briefwahlauszählung;Ludwig-Erhard-Anlage 1, 60327 Frankfurt am Main;ja;
06.11.2022;06412000;94002;940-02;B;Messe Frankfurt GmbH, Briefwahlauszählung;Ludwig-Erhard-Anlage 1, 60327 Frankfurt am Main;ja;
06.11.2022;06412000;94003;940-03;B;Messe Frankfurt GmbH, Briefwahlauszählung;Ludwig-Erhard-Anlage 1, 60327 Frankfurt am Main;ja;
06.11.2022;06412000;94004;940-04;B;Messe Frankfurt GmbH, Briefwahlauszählung;Ludwig-Erhard-Anlage 1, 60327 Frankfurt am Main;ja;
06.11.2022;06412000;94101;941-01;B;Messe Frankfurt GmbH, Briefwahlauszählung;Ludwig-Erhard-Anlage 1, 60327 Frankfurt am Main;ja;
06.11.2022;06412000;94102;941-02;B;Messe Frankfurt GmbH, Briefwahlauszählung;Ludwig-Erhard-Anlage 1, 60327 Frankfurt am Main;ja;
06.11.2022;06412000;94103;941-03;B;Messe Frankfurt GmbH, Briefwahlauszählung;Ludwig-Erhard-Anlage 1, 60327 Frankfurt am Main;ja;
06.11.2022;06412000;94104;941-04;B;Messe Frankfurt GmbH, Briefwahlauszählung;Ludwig-Erhard-Anlage 1, 60327 Frankfurt am Main;ja;
06.11.2022;06412000;94201;942-01;B;Messe Frankfurt GmbH, Briefwahlauszählung;Ludwig-Erhard-Anlage 1, 60327 Frankfurt am Main;ja;
06.11.2022;06412000;94202;942-02;B;Messe Frankfurt GmbH, Briefwahlauszählung;Ludwig-Erhard-Anlage 1, 60327 Frankfurt am Main;ja;
06.11.2022;06412000;94301;943-01;B;Messe Frankfurt GmbH, Briefwahlauszählung;Ludwig-Erhard-Anlage 1, 60327 Frankfurt am Main;ja;
06.11.2022;06412000;94302;943-02;B;Messe Frankfurt GmbH, Briefwahlauszählung;Ludwig-Erhard-Anlage 1, 60327 Frankfurt am Main;ja;
06.11.2022;06412000;94303;943-03;B;Messe Frankfurt GmbH, Briefwahlauszählung;Ludwig-Erhard-Anlage 1, 60327 Frankfurt am Main;ja;
06.11.2022;06412000;94304;943-04;B;Messe Frankfurt GmbH, Briefwahlauszählung;Ludwig-Erhard-Anlage 1, 60327 Frankfurt am Main;ja;
06.11.2022;06412000;94305;943-05;B;Messe Frankfurt GmbH, Briefwahlauszählung;Ludwig-Erhard-Anlage 1, 60327 Frankfurt am Main;ja;
06.11.2022;06412000;94401;944-01;B;Messe Frankfurt GmbH, Briefwahlauszählung;Ludwig-Erhard-Anlage 1, 60327 Frankfurt am Main;ja;
06.11.2022;06412000;94402;944-02;B;Messe Frankfurt GmbH, Briefwahlauszählung;Ludwig-Erhard-Anlage 1, 60327 Frankfurt am Main;ja;
06.11.2022;06412000;94501;945-01;B;Messe Frankfurt GmbH, Briefwahlauszählung;Ludwig-Erhard-Anlage 1, 60327 Frankfurt am Main;ja;
06.11.2022;06412000;94502;945-02;B;Messe Frankfurt GmbH, Briefwahlauszählung;Ludwig-Erhard-Anlage 1, 60327 Frankfurt am Main;ja;
06.11.2022;06412000;94503;945-03;B;Messe Frankfurt GmbH, Briefwahlauszählung;Ludwig-Erhard-Anlage 1, 60327 Frankfurt am Main;ja;
06.11.2022;06412000;94601;946-01;B;Messe Frankfurt GmbH, Briefwahlauszählung;Ludwig-Erhard-Anlage 1, 60327 Frankfurt am Main;ja;
06.11.2022;06412000;94602;946-02;B;Messe Frankfurt GmbH, Briefwahlauszählung;Ludwig-Erhard-Anlage 1, 60327 Frankfurt am Main;ja;
06.11.2022;06412000;94603;946-03;B;Messe Frankfurt GmbH, Briefwahlauszählung;Ludwig-Erhard-Anlage 1, 60327 Frankfurt am Main;ja;
06.11.2022;06412000;94604;946-04;B;Messe Frankfurt GmbH, Briefwahlauszählung;Ludwig-Erhard-Anlage 1, 60327 Frankfurt am Main;ja;
06.11.2022;06412000;94605;946-05;B;Messe Frankfurt GmbH, Briefwahlauszählung;Ludwig-Erhard-Anlage 1, 60327 Frankfurt am Main;ja;
06.11.2022;06412000;94701;947-01;B;Messe Frankfurt GmbH, Briefwahlauszählung;Ludwig-Erhard-Anlage 1, 60327 Frankfurt am Main;ja;
06.11.2022;06412000;94702;947-02;B;Messe Frankfurt GmbH, Briefwahlauszählung;Ludwig-Erhard-Anlage 1, 60327 Frankfurt am Main;ja;