zeitstempel,nr,name,meldungen_anz,meldungen_max,wahlberechtigt,waehler_regulaer,waehler_wahlschein,waehler_nv,stimmen,stimmen_wahlschein,ungueltig,gueltig,ja,nein
2022-11-05T10:07:24Z,01001,010-01,0,1,NA,NA,NA,NA,NA,NA,NA,NA,NA,NA
2022-11-05T10:07:24Z,01002,010-02,0,1,NA,NA,NA,NA,NA,NA,NA,NA,NA,NA
2022-11-05T10:07:24Z,04001,040-01,0,1,NA,NA,NA,NA,NA,NA,NA,NA,NA,NA
2022-11-05T10:07:24Z,07001,070-01,0,1,NA,NA,NA,NA,NA,NA,NA,NA,NA,NA
2022-11-05T10:07:24Z,08001,080-01,0,1,NA,NA,NA,NA,NA,NA,NA,NA,NA,NA
2022-11-05T10:07:24Z,09001,090-01,0,1,NA,NA,NA,NA,NA,NA,NA,NA,NA,NA
2022-11-05T10:07:24Z,10001,100-01,0,1,NA,NA,NA,NA,NA,NA,NA,NA,NA,NA
2022-11-05T10:07:24Z,10002,100-02,0,1,NA,NA,NA,NA,NA,NA,NA,NA,NA,NA
2022-11-05T10:07:24Z,11001,110-01,0,1,NA,NA,NA,NA,NA,NA,NA,NA,NA,NA
2022-11-05T10:07:24Z,11002,110-02,0,1,NA,NA,NA,NA,NA,NA,NA,NA,NA,NA
2022-11-05T10:07:24Z,12001,120-01,0,1,NA,NA,NA,NA,NA,NA,NA,NA,NA,NA
2022-11-05T10:07:24Z,12002,120-02,0,1,NA,NA,NA,NA,NA,NA,NA,NA,NA,NA
2022-11-05T10:07:24Z,12003,120-03,0,1,NA,NA,NA,NA,NA,NA,NA,NA,NA,NA
2022-11-05T10:07:24Z,12004,120-04,0,1,NA,NA,NA,NA,NA,NA,NA,NA,NA,NA
2022-11-05T10:07:24Z,13001,130-01,0,1,NA,NA,NA,NA,NA,NA,NA,NA,NA,NA
2022-11-05T10:07:24Z,13002,130-02,0,1,NA,NA,NA,NA,NA,NA,NA,NA,NA,NA
2022-11-05T10:07:24Z,13003,130-03,0,1,NA,NA,NA,NA,NA,NA,NA,NA,NA,NA
2022-11-05T10:07:24Z,14001,140-01,0,1,NA,NA,NA,NA,NA,NA,NA,NA,NA,NA
2022-11-05T10:07:24Z,14002,140-02,0,1,NA,NA,NA,NA,NA,NA,NA,NA,NA,NA
2022-11-05T10:07:24Z,14003,140-03,0,1,NA,NA,NA,NA,NA,NA,NA,NA,NA,NA
2022-11-05T10:07:24Z,14004,140-04,0,1,NA,NA,NA,NA,NA,NA,NA,NA,NA,NA
2022-11-05T10:07:24Z,14005,140-05,0,1,NA,NA,NA,NA,NA,NA,NA,NA,NA,NA
2022-11-05T10:07:24Z,15101,151-01,0,1,NA,NA,NA,NA,NA,NA,NA,NA,NA,NA
2022-11-05T10:07:24Z,15102,151-02,0,1,NA,NA,NA,NA,NA,NA,NA,NA,NA,NA
2022-11-05T10:07:24Z,15103,151-03,0,1,NA,NA,NA,NA,NA,NA,NA,NA,NA,NA
2022-11-05T10:07:24Z,15104,151-04,0,1,NA,NA,NA,NA,NA,NA,NA,NA,NA,NA
2022-11-05T10:07:24Z,15301,153-01,0,1,NA,NA,NA,NA,NA,NA,NA,NA,NA,NA
2022-11-05T10:07:24Z,15302,153-02,0,1,NA,NA,NA,NA,NA,NA,NA,NA,NA,NA
2022-11-05T10:07:24Z,15401,154-01,0,1,NA,NA,NA,NA,NA,NA,NA,NA,NA,NA
2022-11-05T10:07:24Z,15402,154-02,0,1,NA,NA,NA,NA,NA,NA,NA,NA,NA,NA
2022-11-05T10:07:24Z,16101,161-01,0,1,NA,NA,NA,NA,NA,NA,NA,NA,NA,NA
2022-11-05T10:07:24Z,16102,161-02,0,1,NA,NA,NA,NA,NA,NA,NA,NA,NA,NA
2022-11-05T10:07:24Z,16103,161-03,0,1,NA,NA,NA,NA,NA,NA,NA,NA,NA,NA
2022-11-05T10:07:24Z,16104,161-04,0,1,NA,NA,NA,NA,NA,NA,NA,NA,NA,NA
2022-11-05T10:07:24Z,16201,162-01,0,1,NA,NA,NA,NA,NA,NA,NA,NA,NA,NA
2022-11-05T10:07:24Z,16202,162-02,0,1,NA,NA,NA,NA,NA,NA,NA,NA,NA,NA
2022-11-05T10:07:24Z,16203,162-03,0,1,NA,NA,NA,NA,NA,NA,NA,NA,NA,NA
2022-11-05T10:07:24Z,16204,162-04,0,1,NA,NA,NA,NA,NA,NA,NA,NA,NA,NA
2022-11-05T10:07:24Z,16205,162-05,0,1,NA,NA,NA,NA,NA,NA,NA,NA,NA,NA
2022-11-05T10:07:24Z,16301,163-01,0,1,NA,NA,NA,NA,NA,NA,NA,NA,NA,NA
2022-11-05T10:07:24Z,16302,163-02,0,1,NA,NA,NA,NA,NA,NA,NA,NA,NA,NA
2022-11-05T10:07:24Z,16303,163-03,0,1,NA,NA,NA,NA,NA,NA,NA,NA,NA,NA
2022-11-05T10:07:24Z,16401,164-01,0,1,NA,NA,NA,NA,NA,NA,NA,NA,NA,NA
2022-11-05T10:07:24Z,16501,165-01,0,1,NA,NA,NA,NA,NA,NA,NA,NA,NA,NA
2022-11-05T10:07:24Z,16502,165-02,0,1,NA,NA,NA,NA,NA,NA,NA,NA,NA,NA
2022-11-05T10:07:24Z,16503,165-03,0,1,NA,NA,NA,NA,NA,NA,NA,NA,NA,NA
2022-11-05T10:07:24Z,16504,165-04,0,1,NA,NA,NA,NA,NA,NA,NA,NA,NA,NA
2022-11-05T10:07:24Z,17001,170-01,0,1,NA,NA,NA,NA,NA,NA,NA,NA,NA,NA
2022-11-05T10:07:24Z,17002,170-02,0,1,NA,NA,NA,NA,NA,NA,NA,NA,NA,NA
2022-11-05T10:07:24Z,17003,170-03,0,1,NA,NA,NA,NA,NA,NA,NA,NA,NA,NA
2022-11-05T10:07:24Z,18001,180-01,0,1,NA,NA,NA,NA,NA,NA,NA,NA,NA,NA
2022-11-05T10:07:24Z,18002,180-02,0,1,NA,NA,NA,NA,NA,NA,NA,NA,NA,NA
2022-11-05T10:07:24Z,18003,180-03,0,1,NA,NA,NA,NA,NA,NA,NA,NA,NA,NA
2022-11-05T10:07:24Z,19101,191-01,0,1,NA,NA,NA,NA,NA,NA,NA,NA,NA,NA
2022-11-05T10:07:24Z,19102,191-02,0,1,NA,NA,NA,NA,NA,NA,NA,NA,NA,NA
2022-11-05T10:07:24Z,19103,191-03,0,1,NA,NA,NA,NA,NA,NA,NA,NA,NA,NA
2022-11-05T10:07:24Z,19201,192-01,0,1,NA,NA,NA,NA,NA,NA,NA,NA,NA,NA
2022-11-05T10:07:24Z,19202,192-02,0,1,NA,NA,NA,NA,NA,NA,NA,NA,NA,NA
2022-11-05T10:07:24Z,20101,201-01,0,1,NA,NA,NA,NA,NA,NA,NA,NA,NA,NA
2022-11-05T10:07:24Z,20102,201-02,0,1,NA,NA,NA,NA,NA,NA,NA,NA,NA,NA
2022-11-05T10:07:24Z,20201,202-01,0,1,NA,NA,NA,NA,NA,NA,NA,NA,NA,NA
2022-11-05T10:07:24Z,20202,202-02,0,1,NA,NA,NA,NA,NA,NA,NA,NA,NA,NA
2022-11-05T10:07:24Z,20301,203-01,0,1,NA,NA,NA,NA,NA,NA,NA,NA,NA,NA
2022-11-05T10:07:24Z,20302,203-02,0,1,NA,NA,NA,NA,NA,NA,NA,NA,NA,NA
2022-11-05T10:07:24Z,20303,203-03,0,1,NA,NA,NA,NA,NA,NA,NA,NA,NA,NA
2022-11-05T10:07:24Z,20304,203-04,0,1,NA,NA,NA,NA,NA,NA,NA,NA,NA,NA
2022-11-05T10:07:24Z,21101,211-01,0,1,NA,NA,NA,NA,NA,NA,NA,NA,NA,NA
2022-11-05T10:07:24Z,21102,211-02,0,1,NA,NA,NA,NA,NA,NA,NA,NA,NA,NA
2022-11-05T10:07:24Z,21103,211-03,0,1,NA,NA,NA,NA,NA,NA,NA,NA,NA,NA
2022-11-05T10:07:24Z,21201,212-01,0,1,NA,NA,NA,NA,NA,NA,NA,NA,NA,NA
2022-11-05T10:07:24Z,21202,212-02,0,1,NA,NA,NA,NA,NA,NA,NA,NA,NA,NA
2022-11-05T10:07:24Z,21203,212-03,0,1,NA,NA,NA,NA,NA,NA,NA,NA,NA,NA
2022-11-05T10:07:24Z,21301,213-01,0,1,NA,NA,NA,NA,NA,NA,NA,NA,NA,NA
2022-11-05T10:07:24Z,22101,221-01,0,1,NA,NA,NA,NA,NA,NA,NA,NA,NA,NA
2022-11-05T10:07:24Z,22102,221-02,0,1,NA,NA,NA,NA,NA,NA,NA,NA,NA,NA
2022-11-05T10:07:24Z,22103,221-03,0,1,NA,NA,NA,NA,NA,NA,NA,NA,NA,NA
2022-11-05T10:07:24Z,22201,222-01,0,1,NA,NA,NA,NA,NA,NA,NA,NA,NA,NA
2022-11-05T10:07:24Z,22202,222-02,0,1,NA,NA,NA,NA,NA,NA,NA,NA,NA,NA
2022-11-05T10:07:24Z,22203,222-03,0,1,NA,NA,NA,NA,NA,NA,NA,NA,NA,NA
2022-11-05T10:07:24Z,22204,222-04,0,1,NA,NA,NA,NA,NA,NA,NA,NA,NA,NA
2022-11-05T10:07:24Z,23001,230-01,0,1,NA,NA,NA,NA,NA,NA,NA,NA,NA,NA
2022-11-05T10:07:24Z,23002,230-02,0,1,NA,NA,NA,NA,NA,NA,NA,NA,NA,NA
2022-11-05T10:07:24Z,23003,230-03,0,1,NA,NA,NA,NA,NA,NA,NA,NA,NA,NA
2022-11-05T10:07:24Z,24001,240-01,0,1,NA,NA,NA,NA,NA,NA,NA,NA,NA,NA
2022-11-05T10:07:24Z,24002,240-02,0,1,NA,NA,NA,NA,NA,NA,NA,NA,NA,NA
2022-11-05T10:07:24Z,25101,251-01,0,1,NA,NA,NA,NA,NA,NA,NA,NA,NA,NA
2022-11-05T10:07:24Z,25102,251-02,0,1,NA,NA,NA,NA,NA,NA,NA,NA,NA,NA
2022-11-05T10:07:24Z,25103,251-03,0,1,NA,NA,NA,NA,NA,NA,NA,NA,NA,NA
2022-11-05T10:07:24Z,25104,251-04,0,1,NA,NA,NA,NA,NA,NA,NA,NA,NA,NA
2022-11-05T10:07:24Z,25201,252-01,0,1,NA,NA,NA,NA,NA,NA,NA,NA,NA,NA
2022-11-05T10:07:24Z,25202,252-02,0,1,NA,NA,NA,NA,NA,NA,NA,NA,NA,NA
2022-11-05T10:07:24Z,25203,252-03,0,1,NA,NA,NA,NA,NA,NA,NA,NA,NA,NA
2022-11-05T10:07:24Z,25204,252-04,0,1,NA,NA,NA,NA,NA,NA,NA,NA,NA,NA
2022-11-05T10:07:24Z,25205,252-05,0,1,NA,NA,NA,NA,NA,NA,NA,NA,NA,NA
2022-11-05T10:07:24Z,26101,261-01,0,1,NA,NA,NA,NA,NA,NA,NA,NA,NA,NA
2022-11-05T10:07:24Z,26102,261-02,0,1,NA,NA,NA,NA,NA,NA,NA,NA,NA,NA
2022-11-05T10:07:24Z,26103,261-03,0,1,NA,NA,NA,NA,NA,NA,NA,NA,NA,NA
2022-11-05T10:07:24Z,26201,262-01,0,1,NA,NA,NA,NA,NA,NA,NA,NA,NA,NA
2022-11-05T10:07:24Z,26202,262-02,0,1,NA,NA,NA,NA,NA,NA,NA,NA,NA,NA
2022-11-05T10:07:24Z,27101,271-01,0,1,NA,NA,NA,NA,NA,NA,NA,NA,NA,NA
2022-11-05T10:07:24Z,27102,271-02,0,1,NA,NA,NA,NA,NA,NA,NA,NA,NA,NA
2022-11-05T10:07:24Z,27201,272-01,0,1,NA,NA,NA,NA,NA,NA,NA,NA,NA,NA
2022-11-05T10:07:24Z,27202,272-02,0,1,NA,NA,NA,NA,NA,NA,NA,NA,NA,NA
2022-11-05T10:07:24Z,27203,272-03,0,1,NA,NA,NA,NA,NA,NA,NA,NA,NA,NA
2022-11-05T10:07:24Z,27204,272-04,0,1,NA,NA,NA,NA,NA,NA,NA,NA,NA,NA
2022-11-05T10:07:24Z,27205,272-05,0,1,NA,NA,NA,NA,NA,NA,NA,NA,NA,NA
2022-11-05T10:07:24Z,28101,281-01,0,1,NA,NA,NA,NA,NA,NA,NA,NA,NA,NA
2022-11-05T10:07:24Z,28102,281-02,0,1,NA,NA,NA,NA,NA,NA,NA,NA,NA,NA
2022-11-05T10:07:24Z,28103,281-03,0,1,NA,NA,NA,NA,NA,NA,NA,NA,NA,NA
2022-11-05T10:07:24Z,28201,282-01,0,1,NA,NA,NA,NA,NA,NA,NA,NA,NA,NA
2022-11-05T10:07:24Z,28202,282-02,0,1,NA,NA,NA,NA,NA,NA,NA,NA,NA,NA
2022-11-05T10:07:24Z,28203,282-03,0,1,NA,NA,NA,NA,NA,NA,NA,NA,NA,NA
2022-11-05T10:07:24Z,29001,290-01,0,1,NA,NA,NA,NA,NA,NA,NA,NA,NA,NA
2022-11-05T10:07:24Z,29002,290-02,0,1,NA,NA,NA,NA,NA,NA,NA,NA,NA,NA
2022-11-05T10:07:24Z,30001,300-01,0,1,NA,NA,NA,NA,NA,NA,NA,NA,NA,NA
2022-11-05T10:07:24Z,30002,300-02,0,1,NA,NA,NA,NA,NA,NA,NA,NA,NA,NA
2022-11-05T10:07:24Z,32101,321-01,0,1,NA,NA,NA,NA,NA,NA,NA,NA,NA,NA
2022-11-05T10:07:24Z,32102,321-02,0,1,NA,NA,NA,NA,NA,NA,NA,NA,NA,NA
2022-11-05T10:07:24Z,32103,321-03,0,1,NA,NA,NA,NA,NA,NA,NA,NA,NA,NA
2022-11-05T10:07:24Z,32201,322-01,0,1,NA,NA,NA,NA,NA,NA,NA,NA,NA,NA
2022-11-05T10:07:24Z,32202,322-02,0,1,NA,NA,NA,NA,NA,NA,NA,NA,NA,NA
2022-11-05T10:07:24Z,32203,322-03,0,1,NA,NA,NA,NA,NA,NA,NA,NA,NA,NA
2022-11-05T10:07:24Z,32204,322-04,0,1,NA,NA,NA,NA,NA,NA,NA,NA,NA,NA
2022-11-05T10:07:24Z,32205,322-05,0,1,NA,NA,NA,NA,NA,NA,NA,NA,NA,NA
2022-11-05T10:07:24Z,32301,323-01,0,1,NA,NA,NA,NA,NA,NA,NA,NA,NA,NA
2022-11-05T10:07:24Z,32302,323-02,0,1,NA,NA,NA,NA,NA,NA,NA,NA,NA,NA
2022-11-05T10:07:24Z,32303,323-03,0,1,NA,NA,NA,NA,NA,NA,NA,NA,NA,NA
2022-11-05T10:07:24Z,32304,323-04,0,1,NA,NA,NA,NA,NA,NA,NA,NA,NA,NA
2022-11-05T10:07:24Z,32305,323-05,0,1,NA,NA,NA,NA,NA,NA,NA,NA,NA,NA
2022-11-05T10:07:24Z,32306,323-06,0,1,NA,NA,NA,NA,NA,NA,NA,NA,NA,NA
2022-11-05T10:07:24Z,32401,324-01,0,1,NA,NA,NA,NA,NA,NA,NA,NA,NA,NA
2022-11-05T10:07:24Z,32402,324-02,0,1,NA,NA,NA,NA,NA,NA,NA,NA,NA,NA
2022-11-05T10:07:24Z,32403,324-03,0,1,NA,NA,NA,NA,NA,NA,NA,NA,NA,NA
2022-11-05T10:07:24Z,32404,324-04,0,1,NA,NA,NA,NA,NA,NA,NA,NA,NA,NA
2022-11-05T10:07:24Z,32601,326-01,0,1,NA,NA,NA,NA,NA,NA,NA,NA,NA,NA
2022-11-05T10:07:24Z,32602,326-02,0,1,NA,NA,NA,NA,NA,NA,NA,NA,NA,NA
2022-11-05T10:07:24Z,32603,326-03,0,1,NA,NA,NA,NA,NA,NA,NA,NA,NA,NA
2022-11-05T10:07:24Z,33101,331-01,0,1,NA,NA,NA,NA,NA,NA,NA,NA,NA,NA
2022-11-05T10:07:24Z,33102,331-02,0,1,NA,NA,NA,NA,NA,NA,NA,NA,NA,NA
2022-11-05T10:07:24Z,33103,331-03,0,1,NA,NA,NA,NA,NA,NA,NA,NA,NA,NA
2022-11-05T10:07:24Z,33201,332-01,0,1,NA,NA,NA,NA,NA,NA,NA,NA,NA,NA
2022-11-05T10:07:24Z,33202,332-02,0,1,NA,NA,NA,NA,NA,NA,NA,NA,NA,NA
2022-11-05T10:07:24Z,33203,332-03,0,1,NA,NA,NA,NA,NA,NA,NA,NA,NA,NA
2022-11-05T10:07:24Z,33204,332-04,0,1,NA,NA,NA,NA,NA,NA,NA,NA,NA,NA
2022-11-05T10:07:24Z,33205,332-05,0,1,NA,NA,NA,NA,NA,NA,NA,NA,NA,NA
2022-11-05T10:07:24Z,33206,332-06,0,1,NA,NA,NA,NA,NA,NA,NA,NA,NA,NA
2022-11-05T10:07:24Z,34101,341-01,0,1,NA,NA,NA,NA,NA,NA,NA,NA,NA,NA
2022-11-05T10:07:24Z,34102,341-02,0,1,NA,NA,NA,NA,NA,NA,NA,NA,NA,NA
2022-11-05T10:07:24Z,34103,341-03,0,1,NA,NA,NA,NA,NA,NA,NA,NA,NA,NA
2022-11-05T10:07:24Z,34201,342-01,0,1,NA,NA,NA,NA,NA,NA,NA,NA,NA,NA
2022-11-05T10:07:24Z,34202,342-02,0,1,NA,NA,NA,NA,NA,NA,NA,NA,NA,NA
2022-11-05T10:07:24Z,34301,343-01,0,1,NA,NA,NA,NA,NA,NA,NA,NA,NA,NA
2022-11-05T10:07:24Z,34401,344-01,0,1,NA,NA,NA,NA,NA,NA,NA,NA,NA,NA
2022-11-05T10:07:24Z,35001,350-01,0,1,NA,NA,NA,NA,NA,NA,NA,NA,NA,NA
2022-11-05T10:07:24Z,35002,350-02,0,1,NA,NA,NA,NA,NA,NA,NA,NA,NA,NA
2022-11-05T10:07:24Z,35003,350-03,0,1,NA,NA,NA,NA,NA,NA,NA,NA,NA,NA
2022-11-05T10:07:24Z,35004,350-04,0,1,NA,NA,NA,NA,NA,NA,NA,NA,NA,NA
2022-11-05T10:07:24Z,36101,361-01,0,1,NA,NA,NA,NA,NA,NA,NA,NA,NA,NA
2022-11-05T10:07:24Z,36102,361-02,0,1,NA,NA,NA,NA,NA,NA,NA,NA,NA,NA
2022-11-05T10:07:24Z,36103,361-03,0,1,NA,NA,NA,NA,NA,NA,NA,NA,NA,NA
2022-11-05T10:07:24Z,36201,362-01,0,1,NA,NA,NA,NA,NA,NA,NA,NA,NA,NA
2022-11-05T10:07:24Z,36202,362-02,0,1,NA,NA,NA,NA,NA,NA,NA,NA,NA,NA
2022-11-05T10:07:24Z,36203,362-03,0,1,NA,NA,NA,NA,NA,NA,NA,NA,NA,NA
2022-11-05T10:07:24Z,36204,362-04,0,1,NA,NA,NA,NA,NA,NA,NA,NA,NA,NA
2022-11-05T10:07:24Z,37101,371-01,0,1,NA,NA,NA,NA,NA,NA,NA,NA,NA,NA
2022-11-05T10:07:24Z,37102,371-02,0,1,NA,NA,NA,NA,NA,NA,NA,NA,NA,NA
2022-11-05T10:07:24Z,37103,371-03,0,1,NA,NA,NA,NA,NA,NA,NA,NA,NA,NA
2022-11-05T10:07:24Z,37104,371-04,0,1,NA,NA,NA,NA,NA,NA,NA,NA,NA,NA
2022-11-05T10:07:24Z,37105,371-05,0,1,NA,NA,NA,NA,NA,NA,NA,NA,NA,NA
2022-11-05T10:07:24Z,37106,371-06,0,1,NA,NA,NA,NA,NA,NA,NA,NA,NA,NA
2022-11-05T10:07:24Z,37201,372-01,0,1,NA,NA,NA,NA,NA,NA,NA,NA,NA,NA
2022-11-05T10:07:24Z,37202,372-02,0,1,NA,NA,NA,NA,NA,NA,NA,NA,NA,NA
2022-11-05T10:07:24Z,37203,372-03,0,1,NA,NA,NA,NA,NA,NA,NA,NA,NA,NA
2022-11-05T10:07:24Z,37204,372-04,0,1,NA,NA,NA,NA,NA,NA,NA,NA,NA,NA
2022-11-05T10:07:24Z,37205,372-05,0,1,NA,NA,NA,NA,NA,NA,NA,NA,NA,NA
2022-11-05T10:07:24Z,37206,372-06,0,1,NA,NA,NA,NA,NA,NA,NA,NA,NA,NA
2022-11-05T10:07:24Z,38001,380-01,0,1,NA,NA,NA,NA,NA,NA,NA,NA,NA,NA
2022-11-05T10:07:24Z,38002,380-02,0,1,NA,NA,NA,NA,NA,NA,NA,NA,NA,NA
2022-11-05T10:07:24Z,38003,380-03,0,1,NA,NA,NA,NA,NA,NA,NA,NA,NA,NA
2022-11-05T10:07:24Z,38004,380-04,0,1,NA,NA,NA,NA,NA,NA,NA,NA,NA,NA
2022-11-05T10:07:24Z,38005,380-05,0,1,NA,NA,NA,NA,NA,NA,NA,NA,NA,NA
2022-11-05T10:07:24Z,38006,380-06,0,1,NA,NA,NA,NA,NA,NA,NA,NA,NA,NA
2022-11-05T10:07:24Z,39001,390-01,0,1,NA,NA,NA,NA,NA,NA,NA,NA,NA,NA
2022-11-05T10:07:24Z,39002,390-02,0,1,NA,NA,NA,NA,NA,NA,NA,NA,NA,NA
2022-11-05T10:07:24Z,39003,390-03,0,1,NA,NA,NA,NA,NA,NA,NA,NA,NA,NA
2022-11-05T10:07:24Z,39004,390-04,0,1,NA,NA,NA,NA,NA,NA,NA,NA,NA,NA
2022-11-05T10:07:24Z,39005,390-05,0,1,NA,NA,NA,NA,NA,NA,NA,NA,NA,NA
2022-11-05T10:07:24Z,39006,390-06,0,1,NA,NA,NA,NA,NA,NA,NA,NA,NA,NA
2022-11-05T10:07:24Z,39007,390-07,0,1,NA,NA,NA,NA,NA,NA,NA,NA,NA,NA
2022-11-05T10:07:24Z,40101,401-01,0,1,NA,NA,NA,NA,NA,NA,NA,NA,NA,NA
2022-11-05T10:07:24Z,40102,401-02,0,1,NA,NA,NA,NA,NA,NA,NA,NA,NA,NA
2022-11-05T10:07:24Z,40103,401-03,0,1,NA,NA,NA,NA,NA,NA,NA,NA,NA,NA
2022-11-05T10:07:24Z,40104,401-04,0,1,NA,NA,NA,NA,NA,NA,NA,NA,NA,NA
2022-11-05T10:07:24Z,40105,401-05,0,1,NA,NA,NA,NA,NA,NA,NA,NA,NA,NA
2022-11-05T10:07:24Z,40201,402-01,0,1,NA,NA,NA,NA,NA,NA,NA,NA,NA,NA
2022-11-05T10:07:24Z,40202,402-02,0,1,NA,NA,NA,NA,NA,NA,NA,NA,NA,NA
2022-11-05T10:07:24Z,40203,402-03,0,1,NA,NA,NA,NA,NA,NA,NA,NA,NA,NA
2022-11-05T10:07:24Z,40204,402-04,0,1,NA,NA,NA,NA,NA,NA,NA,NA,NA,NA
2022-11-05T10:07:24Z,41001,410-01,0,1,NA,NA,NA,NA,NA,NA,NA,NA,NA,NA
2022-11-05T10:07:24Z,41002,410-02,0,1,NA,NA,NA,NA,NA,NA,NA,NA,NA,NA
2022-11-05T10:07:24Z,41003,410-03,0,1,NA,NA,NA,NA,NA,NA,NA,NA,NA,NA
2022-11-05T10:07:24Z,42201,422-01,0,1,NA,NA,NA,NA,NA,NA,NA,NA,NA,NA
2022-11-05T10:07:24Z,42202,422-02,0,1,NA,NA,NA,NA,NA,NA,NA,NA,NA,NA
2022-11-05T10:07:24Z,42203,422-03,0,1,NA,NA,NA,NA,NA,NA,NA,NA,NA,NA
2022-11-05T10:07:24Z,42301,423-01,0,1,NA,NA,NA,NA,NA,NA,NA,NA,NA,NA
2022-11-05T10:07:24Z,42302,423-02,0,1,NA,NA,NA,NA,NA,NA,NA,NA,NA,NA
2022-11-05T10:07:24Z,42401,424-01,0,1,NA,NA,NA,NA,NA,NA,NA,NA,NA,NA
2022-11-05T10:07:24Z,42501,425-01,0,1,NA,NA,NA,NA,NA,NA,NA,NA,NA,NA
2022-11-05T10:07:24Z,42601,426-01,0,1,NA,NA,NA,NA,NA,NA,NA,NA,NA,NA
2022-11-05T10:07:24Z,42602,426-02,0,1,NA,NA,NA,NA,NA,NA,NA,NA,NA,NA
2022-11-05T10:07:24Z,43101,431-01,0,1,NA,NA,NA,NA,NA,NA,NA,NA,NA,NA
2022-11-05T10:07:24Z,43102,431-02,0,1,NA,NA,NA,NA,NA,NA,NA,NA,NA,NA
2022-11-05T10:07:24Z,43103,431-03,0,1,NA,NA,NA,NA,NA,NA,NA,NA,NA,NA
2022-11-05T10:07:24Z,43104,431-04,0,1,NA,NA,NA,NA,NA,NA,NA,NA,NA,NA
2022-11-05T10:07:24Z,43105,431-05,0,1,NA,NA,NA,NA,NA,NA,NA,NA,NA,NA
2022-11-05T10:07:24Z,43201,432-01,0,1,NA,NA,NA,NA,NA,NA,NA,NA,NA,NA
2022-11-05T10:07:24Z,43202,432-02,0,1,NA,NA,NA,NA,NA,NA,NA,NA,NA,NA
2022-11-05T10:07:24Z,43203,432-03,0,1,NA,NA,NA,NA,NA,NA,NA,NA,NA,NA
2022-11-05T10:07:24Z,43204,432-04,0,1,NA,NA,NA,NA,NA,NA,NA,NA,NA,NA
2022-11-05T10:07:24Z,44101,441-01,0,1,NA,NA,NA,NA,NA,NA,NA,NA,NA,NA
2022-11-05T10:07:24Z,44102,441-02,0,1,NA,NA,NA,NA,NA,NA,NA,NA,NA,NA
2022-11-05T10:07:24Z,44103,441-03,0,1,NA,NA,NA,NA,NA,NA,NA,NA,NA,NA
2022-11-05T10:07:24Z,44104,441-04,0,1,NA,NA,NA,NA,NA,NA,NA,NA,NA,NA
2022-11-05T10:07:24Z,44105,441-05,0,1,NA,NA,NA,NA,NA,NA,NA,NA,NA,NA
2022-11-05T10:07:24Z,44106,441-06,0,1,NA,NA,NA,NA,NA,NA,NA,NA,NA,NA
2022-11-05T10:07:24Z,44107,441-07,0,1,NA,NA,NA,NA,NA,NA,NA,NA,NA,NA
2022-11-05T10:07:24Z,44108,441-08,0,1,NA,NA,NA,NA,NA,NA,NA,NA,NA,NA
2022-11-05T10:07:24Z,44201,442-01,0,1,NA,NA,NA,NA,NA,NA,NA,NA,NA,NA
2022-11-05T10:07:24Z,44202,442-02,0,1,NA,NA,NA,NA,NA,NA,NA,NA,NA,NA
2022-11-05T10:07:24Z,44203,442-03,0,1,NA,NA,NA,NA,NA,NA,NA,NA,NA,NA
2022-11-05T10:07:24Z,44204,442-04,0,1,NA,NA,NA,NA,NA,NA,NA,NA,NA,NA
2022-11-05T10:07:24Z,45101,451-01,0,1,NA,NA,NA,NA,NA,NA,NA,NA,NA,NA
2022-11-05T10:07:24Z,45102,451-02,0,1,NA,NA,NA,NA,NA,NA,NA,NA,NA,NA
2022-11-05T10:07:24Z,45103,451-03,0,1,NA,NA,NA,NA,NA,NA,NA,NA,NA,NA
2022-11-05T10:07:24Z,45104,451-04,0,1,NA,NA,NA,NA,NA,NA,NA,NA,NA,NA
2022-11-05T10:07:24Z,45201,452-01,0,1,NA,NA,NA,NA,NA,NA,NA,NA,NA,NA
2022-11-05T10:07:24Z,45202,452-02,0,1,NA,NA,NA,NA,NA,NA,NA,NA,NA,NA
2022-11-05T10:07:24Z,45203,452-03,0,1,NA,NA,NA,NA,NA,NA,NA,NA,NA,NA
2022-11-05T10:07:24Z,45204,452-04,0,1,NA,NA,NA,NA,NA,NA,NA,NA,NA,NA
2022-11-05T10:07:24Z,46101,461-01,0,1,NA,NA,NA,NA,NA,NA,NA,NA,NA,NA
2022-11-05T10:07:24Z,46102,461-02,0,1,NA,NA,NA,NA,NA,NA,NA,NA,NA,NA
2022-11-05T10:07:24Z,46103,461-03,0,1,NA,NA,NA,NA,NA,NA,NA,NA,NA,NA
2022-11-05T10:07:24Z,46104,461-04,0,1,NA,NA,NA,NA,NA,NA,NA,NA,NA,NA
2022-11-05T10:07:24Z,46105,461-05,0,1,NA,NA,NA,NA,NA,NA,NA,NA,NA,NA
2022-11-05T10:07:24Z,46106,461-06,0,1,NA,NA,NA,NA,NA,NA,NA,NA,NA,NA
2022-11-05T10:07:24Z,46107,461-07,0,1,NA,NA,NA,NA,NA,NA,NA,NA,NA,NA
2022-11-05T10:07:24Z,46201,462-01,0,1,NA,NA,NA,NA,NA,NA,NA,NA,NA,NA
2022-11-05T10:07:24Z,46202,462-02,0,1,NA,NA,NA,NA,NA,NA,NA,NA,NA,NA
2022-11-05T10:07:24Z,46203,462-03,0,1,NA,NA,NA,NA,NA,NA,NA,NA,NA,NA
2022-11-05T10:07:24Z,46204,462-04,0,1,NA,NA,NA,NA,NA,NA,NA,NA,NA,NA
2022-11-05T10:07:24Z,46205,462-05,0,1,NA,NA,NA,NA,NA,NA,NA,NA,NA,NA
2022-11-05T10:07:24Z,46206,462-06,0,1,NA,NA,NA,NA,NA,NA,NA,NA,NA,NA
2022-11-05T10:07:24Z,46301,463-01,0,1,NA,NA,NA,NA,NA,NA,NA,NA,NA,NA
2022-11-05T10:07:24Z,46302,463-02,0,1,NA,NA,NA,NA,NA,NA,NA,NA,NA,NA
2022-11-05T10:07:24Z,47001,470-01,0,1,NA,NA,NA,NA,NA,NA,NA,NA,NA,NA
2022-11-05T10:07:24Z,47002,470-02,0,1,NA,NA,NA,NA,NA,NA,NA,NA,NA,NA
2022-11-05T10:07:24Z,47003,470-03,0,1,NA,NA,NA,NA,NA,NA,NA,NA,NA,NA
2022-11-05T10:07:24Z,47004,470-04,0,1,NA,NA,NA,NA,NA,NA,NA,NA,NA,NA
2022-11-05T10:07:24Z,47005,470-05,0,1,NA,NA,NA,NA,NA,NA,NA,NA,NA,NA
2022-11-05T10:07:24Z,47006,470-06,0,1,NA,NA,NA,NA,NA,NA,NA,NA,NA,NA
2022-11-05T10:07:24Z,47007,470-07,0,1,NA,NA,NA,NA,NA,NA,NA,NA,NA,NA
2022-11-05T10:07:24Z,48101,481-01,0,1,NA,NA,NA,NA,NA,NA,NA,NA,NA,NA
2022-11-05T10:07:24Z,48102,481-02,0,1,NA,NA,NA,NA,NA,NA,NA,NA,NA,NA
2022-11-05T10:07:24Z,48103,481-03,0,1,NA,NA,NA,NA,NA,NA,NA,NA,NA,NA
2022-11-05T10:07:24Z,48201,482-01,0,1,NA,NA,NA,NA,NA,NA,NA,NA,NA,NA
2022-11-05T10:07:24Z,48202,482-02,0,1,NA,NA,NA,NA,NA,NA,NA,NA,NA,NA
2022-11-05T10:07:24Z,48203,482-03,0,1,NA,NA,NA,NA,NA,NA,NA,NA,NA,NA
2022-11-05T10:07:24Z,48301,483-01,0,1,NA,NA,NA,NA,NA,NA,NA,NA,NA,NA
2022-11-05T10:07:24Z,49101,491-01,0,1,NA,NA,NA,NA,NA,NA,NA,NA,NA,NA
2022-11-05T10:07:24Z,49102,491-02,0,1,NA,NA,NA,NA,NA,NA,NA,NA,NA,NA
2022-11-05T10:07:24Z,49103,491-03,0,1,NA,NA,NA,NA,NA,NA,NA,NA,NA,NA
2022-11-05T10:07:24Z,49201,492-01,0,1,NA,NA,NA,NA,NA,NA,NA,NA,NA,NA
2022-11-05T10:07:24Z,49202,492-02,0,1,NA,NA,NA,NA,NA,NA,NA,NA,NA,NA
2022-11-05T10:07:24Z,49203,492-03,0,1,NA,NA,NA,NA,NA,NA,NA,NA,NA,NA
2022-11-05T10:07:24Z,49204,492-04,0,1,NA,NA,NA,NA,NA,NA,NA,NA,NA,NA
2022-11-05T10:07:24Z,50001,500-01,0,1,NA,NA,NA,NA,NA,NA,NA,NA,NA,NA
2022-11-05T10:07:24Z,50002,500-02,0,1,NA,NA,NA,NA,NA,NA,NA,NA,NA,NA
2022-11-05T10:07:24Z,51001,510-01,0,1,NA,NA,NA,NA,NA,NA,NA,NA,NA,NA
2022-11-05T10:07:24Z,51002,510-02,0,1,NA,NA,NA,NA,NA,NA,NA,NA,NA,NA
2022-11-05T10:07:24Z,51003,510-03,0,1,NA,NA,NA,NA,NA,NA,NA,NA,NA,NA
2022-11-05T10:07:24Z,51004,510-04,0,1,NA,NA,NA,NA,NA,NA,NA,NA,NA,NA
2022-11-05T10:07:24Z,52001,520-01,0,1,NA,NA,NA,NA,NA,NA,NA,NA,NA,NA
2022-11-05T10:07:24Z,52002,520-02,0,1,NA,NA,NA,NA,NA,NA,NA,NA,NA,NA
2022-11-05T10:07:24Z,52003,520-03,0,1,NA,NA,NA,NA,NA,NA,NA,NA,NA,NA
2022-11-05T10:07:24Z,53101,531-01,0,1,NA,NA,NA,NA,NA,NA,NA,NA,NA,NA
2022-11-05T10:07:24Z,53102,531-02,0,1,NA,NA,NA,NA,NA,NA,NA,NA,NA,NA
2022-11-05T10:07:24Z,53103,531-03,0,1,NA,NA,NA,NA,NA,NA,NA,NA,NA,NA
2022-11-05T10:07:24Z,53104,531-04,0,1,NA,NA,NA,NA,NA,NA,NA,NA,NA,NA
2022-11-05T10:07:24Z,53105,531-05,0,1,NA,NA,NA,NA,NA,NA,NA,NA,NA,NA
2022-11-05T10:07:24Z,53201,532-01,0,1,NA,NA,NA,NA,NA,NA,NA,NA,NA,NA
2022-11-05T10:07:24Z,53202,532-02,0,1,NA,NA,NA,NA,NA,NA,NA,NA,NA,NA
2022-11-05T10:07:24Z,53203,532-03,0,1,NA,NA,NA,NA,NA,NA,NA,NA,NA,NA
2022-11-05T10:07:24Z,53204,532-04,0,1,NA,NA,NA,NA,NA,NA,NA,NA,NA,NA
2022-11-05T10:07:24Z,53205,532-05,0,1,NA,NA,NA,NA,NA,NA,NA,NA,NA,NA
2022-11-05T10:07:24Z,53206,532-06,0,1,NA,NA,NA,NA,NA,NA,NA,NA,NA,NA
2022-11-05T10:07:24Z,54101,541-01,0,1,NA,NA,NA,NA,NA,NA,NA,NA,NA,NA
2022-11-05T10:07:24Z,54102,541-02,0,1,NA,NA,NA,NA,NA,NA,NA,NA,NA,NA
2022-11-05T10:07:24Z,54201,542-01,0,1,NA,NA,NA,NA,NA,NA,NA,NA,NA,NA
2022-11-05T10:07:24Z,54202,542-02,0,1,NA,NA,NA,NA,NA,NA,NA,NA,NA,NA
2022-11-05T10:07:24Z,54203,542-03,0,1,NA,NA,NA,NA,NA,NA,NA,NA,NA,NA
2022-11-05T10:07:24Z,55101,551-01,0,1,NA,NA,NA,NA,NA,NA,NA,NA,NA,NA
2022-11-05T10:07:24Z,55102,551-02,0,1,NA,NA,NA,NA,NA,NA,NA,NA,NA,NA
2022-11-05T10:07:24Z,55201,552-01,0,1,NA,NA,NA,NA,NA,NA,NA,NA,NA,NA
2022-11-05T10:07:24Z,55202,552-02,0,1,NA,NA,NA,NA,NA,NA,NA,NA,NA,NA
2022-11-05T10:07:24Z,55203,552-03,0,1,NA,NA,NA,NA,NA,NA,NA,NA,NA,NA
2022-11-05T10:07:24Z,56101,561-01,0,1,NA,NA,NA,NA,NA,NA,NA,NA,NA,NA
2022-11-05T10:07:24Z,56102,561-02,0,1,NA,NA,NA,NA,NA,NA,NA,NA,NA,NA
2022-11-05T10:07:24Z,56103,561-03,0,1,NA,NA,NA,NA,NA,NA,NA,NA,NA,NA
2022-11-05T10:07:24Z,56104,561-04,0,1,NA,NA,NA,NA,NA,NA,NA,NA,NA,NA
2022-11-05T10:07:24Z,56105,561-05,0,1,NA,NA,NA,NA,NA,NA,NA,NA,NA,NA
2022-11-05T10:07:24Z,56201,562-01,0,1,NA,NA,NA,NA,NA,NA,NA,NA,NA,NA
2022-11-05T10:07:24Z,56202,562-02,0,1,NA,NA,NA,NA,NA,NA,NA,NA,NA,NA
2022-11-05T10:07:24Z,56203,562-03,0,1,NA,NA,NA,NA,NA,NA,NA,NA,NA,NA
2022-11-05T10:07:24Z,56204,562-04,0,1,NA,NA,NA,NA,NA,NA,NA,NA,NA,NA
2022-11-05T10:07:24Z,57001,570-01,0,1,NA,NA,NA,NA,NA,NA,NA,NA,NA,NA
2022-11-05T10:07:24Z,57002,570-02,0,1,NA,NA,NA,NA,NA,NA,NA,NA,NA,NA
2022-11-05T10:07:24Z,57003,570-03,0,1,NA,NA,NA,NA,NA,NA,NA,NA,NA,NA
2022-11-05T10:07:24Z,58001,580-01,0,1,NA,NA,NA,NA,NA,NA,NA,NA,NA,NA
2022-11-05T10:07:24Z,58002,580-02,0,1,NA,NA,NA,NA,NA,NA,NA,NA,NA,NA
2022-11-05T10:07:24Z,59101,591-01,0,1,NA,NA,NA,NA,NA,NA,NA,NA,NA,NA
2022-11-05T10:07:24Z,59102,591-02,0,1,NA,NA,NA,NA,NA,NA,NA,NA,NA,NA
2022-11-05T10:07:24Z,60101,601-01,0,1,NA,NA,NA,NA,NA,NA,NA,NA,NA,NA
2022-11-05T10:07:24Z,60102,601-02,0,1,NA,NA,NA,NA,NA,NA,NA,NA,NA,NA
2022-11-05T10:07:24Z,60201,602-01,0,1,NA,NA,NA,NA,NA,NA,NA,NA,NA,NA
2022-11-05T10:07:24Z,60202,602-02,0,1,NA,NA,NA,NA,NA,NA,NA,NA,NA,NA
2022-11-05T10:07:24Z,60401,604-01,0,1,NA,NA,NA,NA,NA,NA,NA,NA,NA,NA
2022-11-05T10:07:24Z,61101,611-01,0,1,NA,NA,NA,NA,NA,NA,NA,NA,NA,NA
2022-11-05T10:07:24Z,61102,611-02,0,1,NA,NA,NA,NA,NA,NA,NA,NA,NA,NA
2022-11-05T10:07:24Z,61201,612-01,0,1,NA,NA,NA,NA,NA,NA,NA,NA,NA,NA
2022-11-05T10:07:24Z,61202,612-02,0,1,NA,NA,NA,NA,NA,NA,NA,NA,NA,NA
2022-11-05T10:07:24Z,62101,621-01,0,1,NA,NA,NA,NA,NA,NA,NA,NA,NA,NA
2022-11-05T10:07:24Z,62102,621-02,0,1,NA,NA,NA,NA,NA,NA,NA,NA,NA,NA
2022-11-05T10:07:24Z,62103,621-03,0,1,NA,NA,NA,NA,NA,NA,NA,NA,NA,NA
2022-11-05T10:07:24Z,62104,621-04,0,1,NA,NA,NA,NA,NA,NA,NA,NA,NA,NA
2022-11-05T10:07:24Z,62201,622-01,0,1,NA,NA,NA,NA,NA,NA,NA,NA,NA,NA
2022-11-05T10:07:24Z,62202,622-02,0,1,NA,NA,NA,NA,NA,NA,NA,NA,NA,NA
2022-11-05T10:07:24Z,62203,622-03,0,1,NA,NA,NA,NA,NA,NA,NA,NA,NA,NA
2022-11-05T10:07:24Z,63101,631-01,0,1,NA,NA,NA,NA,NA,NA,NA,NA,NA,NA
2022-11-05T10:07:24Z,63102,631-02,0,1,NA,NA,NA,NA,NA,NA,NA,NA,NA,NA
2022-11-05T10:07:24Z,63103,631-03,0,1,NA,NA,NA,NA,NA,NA,NA,NA,NA,NA
2022-11-05T10:07:24Z,63104,631-04,0,1,NA,NA,NA,NA,NA,NA,NA,NA,NA,NA
2022-11-05T10:07:24Z,63201,632-01,0,1,NA,NA,NA,NA,NA,NA,NA,NA,NA,NA
2022-11-05T10:07:24Z,63202,632-02,0,1,NA,NA,NA,NA,NA,NA,NA,NA,NA,NA
2022-11-05T10:07:24Z,63203,632-03,0,1,NA,NA,NA,NA,NA,NA,NA,NA,NA,NA
2022-11-05T10:07:24Z,64001,640-01,0,1,NA,NA,NA,NA,NA,NA,NA,NA,NA,NA
2022-11-05T10:07:24Z,64002,640-02,0,1,NA,NA,NA,NA,NA,NA,NA,NA,NA,NA
2022-11-05T10:07:24Z,64003,640-03,0,1,NA,NA,NA,NA,NA,NA,NA,NA,NA,NA
2022-11-05T10:07:24Z,65001,650-01,0,1,NA,NA,NA,NA,NA,NA,NA,NA,NA,NA
2022-11-05T10:07:24Z,65002,650-02,0,1,NA,NA,NA,NA,NA,NA,NA,NA,NA,NA
2022-11-05T10:07:24Z,65003,650-03,0,1,NA,NA,NA,NA,NA,NA,NA,NA,NA,NA
2022-11-05T10:07:24Z,65101,651-01,0,1,NA,NA,NA,NA,NA,NA,NA,NA,NA,NA
2022-11-05T10:07:24Z,65102,651-02,0,1,NA,NA,NA,NA,NA,NA,NA,NA,NA,NA
2022-11-05T10:07:24Z,65103,651-03,0,1,NA,NA,NA,NA,NA,NA,NA,NA,NA,NA
2022-11-05T10:07:24Z,65104,651-04,0,1,NA,NA,NA,NA,NA,NA,NA,NA,NA,NA
2022-11-05T10:07:24Z,65105,651-05,0,1,NA,NA,NA,NA,NA,NA,NA,NA,NA,NA
2022-11-05T10:07:24Z,65106,651-06,0,1,NA,NA,NA,NA,NA,NA,NA,NA,NA,NA
2022-11-05T10:07:24Z,65107,651-07,0,1,NA,NA,NA,NA,NA,NA,NA,NA,NA,NA
2022-11-05T10:07:24Z,66001,660-01,0,1,NA,NA,NA,NA,NA,NA,NA,NA,NA,NA
2022-11-05T10:07:24Z,66002,660-02,0,1,NA,NA,NA,NA,NA,NA,NA,NA,NA,NA
2022-11-05T10:07:24Z,66003,660-03,0,1,NA,NA,NA,NA,NA,NA,NA,NA,NA,NA
2022-11-05T10:07:24Z,67001,670-01,0,1,NA,NA,NA,NA,NA,NA,NA,NA,NA,NA
2022-11-05T10:07:24Z,67002,670-02,0,1,NA,NA,NA,NA,NA,NA,NA,NA,NA,NA
2022-11-05T10:07:24Z,67003,670-03,0,1,NA,NA,NA,NA,NA,NA,NA,NA,NA,NA
2022-11-05T10:07:24Z,67004,670-04,0,1,NA,NA,NA,NA,NA,NA,NA,NA,NA,NA
2022-11-05T10:07:24Z,67005,670-05,0,1,NA,NA,NA,NA,NA,NA,NA,NA,NA,NA
2022-11-05T10:07:24Z,67006,670-06,0,1,NA,NA,NA,NA,NA,NA,NA,NA,NA,NA
2022-11-05T10:07:24Z,68001,680-01,0,1,NA,NA,NA,NA,NA,NA,NA,NA,NA,NA
2022-11-05T10:07:24Z,68002,680-02,0,1,NA,NA,NA,NA,NA,NA,NA,NA,NA,NA
2022-11-05T10:07:24Z,68003,680-03,0,1,NA,NA,NA,NA,NA,NA,NA,NA,NA,NA
2022-11-05T10:07:24Z,68004,680-04,0,1,NA,NA,NA,NA,NA,NA,NA,NA,NA,NA
2022-11-05T10:07:24Z,68005,680-05,0,1,NA,NA,NA,NA,NA,NA,NA,NA,NA,NA
2022-11-05T10:07:24Z,68006,680-06,0,1,NA,NA,NA,NA,NA,NA,NA,NA,NA,NA
2022-11-05T10:07:24Z,68007,680-07,0,1,NA,NA,NA,NA,NA,NA,NA,NA,NA,NA
2022-11-05T10:07:24Z,68008,680-08,0,1,NA,NA,NA,NA,NA,NA,NA,NA,NA,NA
2022-11-05T10:07:24Z,68009,680-09,0,1,NA,NA,NA,NA,NA,NA,NA,NA,NA,NA
2022-11-05T10:07:24Z,68010,680-10,0,1,NA,NA,NA,NA,NA,NA,NA,NA,NA,NA
2022-11-05T10:07:24Z,90101,901-01,0,1,NA,NA,NA,NA,NA,NA,NA,NA,NA,NA
2022-11-05T10:07:24Z,90201,902-01,0,1,NA,NA,NA,NA,NA,NA,NA,NA,NA,NA
2022-11-05T10:07:24Z,90202,902-02,0,1,NA,NA,NA,NA,NA,NA,NA,NA,NA,NA
2022-11-05T10:07:24Z,90401,904-01,0,1,NA,NA,NA,NA,NA,NA,NA,NA,NA,NA
2022-11-05T10:07:24Z,90402,904-02,0,1,NA,NA,NA,NA,NA,NA,NA,NA,NA,NA
2022-11-05T10:07:24Z,90403,904-03,0,1,NA,NA,NA,NA,NA,NA,NA,NA,NA,NA
2022-11-05T10:07:24Z,90404,904-04,0,1,NA,NA,NA,NA,NA,NA,NA,NA,NA,NA
2022-11-05T10:07:24Z,90405,904-05,0,1,NA,NA,NA,NA,NA,NA,NA,NA,NA,NA
2022-11-05T10:07:24Z,90501,905-01,0,1,NA,NA,NA,NA,NA,NA,NA,NA,NA,NA
2022-11-05T10:07:24Z,90502,905-02,0,1,NA,NA,NA,NA,NA,NA,NA,NA,NA,NA
2022-11-05T10:07:24Z,90503,905-03,0,1,NA,NA,NA,NA,NA,NA,NA,NA,NA,NA
2022-11-05T10:07:24Z,90601,906-01,0,1,NA,NA,NA,NA,NA,NA,NA,NA,NA,NA
2022-11-05T10:07:24Z,90602,906-02,0,1,NA,NA,NA,NA,NA,NA,NA,NA,NA,NA
2022-11-05T10:07:24Z,90603,906-03,0,1,NA,NA,NA,NA,NA,NA,NA,NA,NA,NA
2022-11-05T10:07:24Z,90604,906-04,0,1,NA,NA,NA,NA,NA,NA,NA,NA,NA,NA
2022-11-05T10:07:24Z,90605,906-05,0,1,NA,NA,NA,NA,NA,NA,NA,NA,NA,NA
2022-11-05T10:07:24Z,90606,906-06,0,1,NA,NA,NA,NA,NA,NA,NA,NA,NA,NA
2022-11-05T10:07:24Z,90607,906-07,0,1,NA,NA,NA,NA,NA,NA,NA,NA,NA,NA
2022-11-05T10:07:24Z,90608,906-08,0,1,NA,NA,NA,NA,NA,NA,NA,NA,NA,NA
2022-11-05T10:07:24Z,90609,906-09,0,1,NA,NA,NA,NA,NA,NA,NA,NA,NA,NA
2022-11-05T10:07:24Z,90701,907-01,0,1,NA,NA,NA,NA,NA,NA,NA,NA,NA,NA
2022-11-05T10:07:24Z,90702,907-02,0,1,NA,NA,NA,NA,NA,NA,NA,NA,NA,NA
2022-11-05T10:07:24Z,90703,907-03,0,1,NA,NA,NA,NA,NA,NA,NA,NA,NA,NA
2022-11-05T10:07:24Z,90704,907-04,0,1,NA,NA,NA,NA,NA,NA,NA,NA,NA,NA
2022-11-05T10:07:24Z,90705,907-05,0,1,NA,NA,NA,NA,NA,NA,NA,NA,NA,NA
2022-11-05T10:07:24Z,90706,907-06,0,1,NA,NA,NA,NA,NA,NA,NA,NA,NA,NA
2022-11-05T10:07:24Z,90707,907-07,0,1,NA,NA,NA,NA,NA,NA,NA,NA,NA,NA
2022-11-05T10:07:24Z,90801,908-01,0,1,NA,NA,NA,NA,NA,NA,NA,NA,NA,NA
2022-11-05T10:07:24Z,90802,908-02,0,1,NA,NA,NA,NA,NA,NA,NA,NA,NA,NA
2022-11-05T10:07:24Z,90803,908-03,0,1,NA,NA,NA,NA,NA,NA,NA,NA,NA,NA
2022-11-05T10:07:24Z,90804,908-04,0,1,NA,NA,NA,NA,NA,NA,NA,NA,NA,NA
2022-11-05T10:07:24Z,90805,908-05,0,1,NA,NA,NA,NA,NA,NA,NA,NA,NA,NA
2022-11-05T10:07:24Z,90806,908-06,0,1,NA,NA,NA,NA,NA,NA,NA,NA,NA,NA
2022-11-05T10:07:24Z,90807,908-07,0,1,NA,NA,NA,NA,NA,NA,NA,NA,NA,NA
2022-11-05T10:07:24Z,90808,908-08,0,1,NA,NA,NA,NA,NA,NA,NA,NA,NA,NA
2022-11-05T10:07:24Z,90809,908-09,0,1,NA,NA,NA,NA,NA,NA,NA,NA,NA,NA
2022-11-05T10:07:24Z,90901,909-01,0,1,NA,NA,NA,NA,NA,NA,NA,NA,NA,NA
2022-11-05T10:07:24Z,90902,909-02,0,1,NA,NA,NA,NA,NA,NA,NA,NA,NA,NA
2022-11-05T10:07:24Z,90903,909-03,0,1,NA,NA,NA,NA,NA,NA,NA,NA,NA,NA
2022-11-05T10:07:24Z,90904,909-04,0,1,NA,NA,NA,NA,NA,NA,NA,NA,NA,NA
2022-11-05T10:07:24Z,90905,909-05,0,1,NA,NA,NA,NA,NA,NA,NA,NA,NA,NA
2022-11-05T10:07:24Z,90906,909-06,0,1,NA,NA,NA,NA,NA,NA,NA,NA,NA,NA
2022-11-05T10:07:24Z,90907,909-07,0,1,NA,NA,NA,NA,NA,NA,NA,NA,NA,NA
2022-11-05T10:07:24Z,90908,909-08,0,1,NA,NA,NA,NA,NA,NA,NA,NA,NA,NA
2022-11-05T10:07:24Z,90909,909-09,0,1,NA,NA,NA,NA,NA,NA,NA,NA,NA,NA
2022-11-05T10:07:24Z,91001,910-01,0,1,NA,NA,NA,NA,NA,NA,NA,NA,NA,NA
2022-11-05T10:07:24Z,91002,910-02,0,1,NA,NA,NA,NA,NA,NA,NA,NA,NA,NA
2022-11-05T10:07:24Z,91003,910-03,0,1,NA,NA,NA,NA,NA,NA,NA,NA,NA,NA
2022-11-05T10:07:24Z,91101,911-01,0,1,NA,NA,NA,NA,NA,NA,NA,NA,NA,NA
2022-11-05T10:07:24Z,91102,911-02,0,1,NA,NA,NA,NA,NA,NA,NA,NA,NA,NA
2022-11-05T10:07:24Z,91103,911-03,0,1,NA,NA,NA,NA,NA,NA,NA,NA,NA,NA
2022-11-05T10:07:24Z,91104,911-04,0,1,NA,NA,NA,NA,NA,NA,NA,NA,NA,NA
2022-11-05T10:07:24Z,91105,911-05,0,1,NA,NA,NA,NA,NA,NA,NA,NA,NA,NA
2022-11-05T10:07:24Z,91106,911-06,0,1,NA,NA,NA,NA,NA,NA,NA,NA,NA,NA
2022-11-05T10:07:24Z,91107,911-07,0,1,NA,NA,NA,NA,NA,NA,NA,NA,NA,NA
2022-11-05T10:07:24Z,91108,911-08,0,1,NA,NA,NA,NA,NA,NA,NA,NA,NA,NA
2022-11-05T10:07:24Z,91201,912-01,0,1,NA,NA,NA,NA,NA,NA,NA,NA,NA,NA
2022-11-05T10:07:24Z,91202,912-02,0,1,NA,NA,NA,NA,NA,NA,NA,NA,NA,NA
2022-11-05T10:07:24Z,91203,912-03,0,1,NA,NA,NA,NA,NA,NA,NA,NA,NA,NA
2022-11-05T10:07:24Z,91204,912-04,0,1,NA,NA,NA,NA,NA,NA,NA,NA,NA,NA
2022-11-05T10:07:24Z,91205,912-05,0,1,NA,NA,NA,NA,NA,NA,NA,NA,NA,NA
2022-11-05T10:07:24Z,91206,912-06,0,1,NA,NA,NA,NA,NA,NA,NA,NA,NA,NA
2022-11-05T10:07:24Z,91207,912-07,0,1,NA,NA,NA,NA,NA,NA,NA,NA,NA,NA
2022-11-05T10:07:24Z,91208,912-08,0,1,NA,NA,NA,NA,NA,NA,NA,NA,NA,NA
2022-11-05T10:07:24Z,91209,912-09,0,1,NA,NA,NA,NA,NA,NA,NA,NA,NA,NA
2022-11-05T10:07:24Z,91210,912-10,0,1,NA,NA,NA,NA,NA,NA,NA,NA,NA,NA
2022-11-05T10:07:24Z,91211,912-11,0,1,NA,NA,NA,NA,NA,NA,NA,NA,NA,NA
2022-11-05T10:07:24Z,91301,913-01,0,1,NA,NA,NA,NA,NA,NA,NA,NA,NA,NA
2022-11-05T10:07:24Z,91302,913-02,0,1,NA,NA,NA,NA,NA,NA,NA,NA,NA,NA
2022-11-05T10:07:24Z,91303,913-03,0,1,NA,NA,NA,NA,NA,NA,NA,NA,NA,NA
2022-11-05T10:07:24Z,91304,913-04,0,1,NA,NA,NA,NA,NA,NA,NA,NA,NA,NA
2022-11-05T10:07:24Z,91305,913-05,0,1,NA,NA,NA,NA,NA,NA,NA,NA,NA,NA
2022-11-05T10:07:24Z,91306,913-06,0,1,NA,NA,NA,NA,NA,NA,NA,NA,NA,NA
2022-11-05T10:07:24Z,91307,913-07,0,1,NA,NA,NA,NA,NA,NA,NA,NA,NA,NA
2022-11-05T10:07:24Z,91308,913-08,0,1,NA,NA,NA,NA,NA,NA,NA,NA,NA,NA
2022-11-05T10:07:24Z,91309,913-09,0,1,NA,NA,NA,NA,NA,NA,NA,NA,NA,NA
2022-11-05T10:07:24Z,91310,913-10,0,1,NA,NA,NA,NA,NA,NA,NA,NA,NA,NA
2022-11-05T10:07:24Z,91401,914-01,0,1,NA,NA,NA,NA,NA,NA,NA,NA,NA,NA
2022-11-05T10:07:24Z,91402,914-02,0,1,NA,NA,NA,NA,NA,NA,NA,NA,NA,NA
2022-11-05T10:07:24Z,91403,914-03,0,1,NA,NA,NA,NA,NA,NA,NA,NA,NA,NA
2022-11-05T10:07:24Z,91404,914-04,0,1,NA,NA,NA,NA,NA,NA,NA,NA,NA,NA
2022-11-05T10:07:24Z,91405,914-05,0,1,NA,NA,NA,NA,NA,NA,NA,NA,NA,NA
2022-11-05T10:07:24Z,91406,914-06,0,1,NA,NA,NA,NA,NA,NA,NA,NA,NA,NA
2022-11-05T10:07:24Z,91407,914-07,0,1,NA,NA,NA,NA,NA,NA,NA,NA,NA,NA
2022-11-05T10:07:24Z,91408,914-08,0,1,NA,NA,NA,NA,NA,NA,NA,NA,NA,NA
2022-11-05T10:07:24Z,91409,914-09,0,1,NA,NA,NA,NA,NA,NA,NA,NA,NA,NA
2022-11-05T10:07:24Z,91601,916-01,0,1,NA,NA,NA,NA,NA,NA,NA,NA,NA,NA
2022-11-05T10:07:24Z,91602,916-02,0,1,NA,NA,NA,NA,NA,NA,NA,NA,NA,NA
2022-11-05T10:07:24Z,91603,916-03,0,1,NA,NA,NA,NA,NA,NA,NA,NA,NA,NA
2022-11-05T10:07:24Z,91701,917-01,0,1,NA,NA,NA,NA,NA,NA,NA,NA,NA,NA
2022-11-05T10:07:24Z,91702,917-02,0,1,NA,NA,NA,NA,NA,NA,NA,NA,NA,NA
2022-11-05T10:07:24Z,91703,917-03,0,1,NA,NA,NA,NA,NA,NA,NA,NA,NA,NA
2022-11-05T10:07:24Z,91704,917-04,0,1,NA,NA,NA,NA,NA,NA,NA,NA,NA,NA
2022-11-05T10:07:24Z,91705,917-05,0,1,NA,NA,NA,NA,NA,NA,NA,NA,NA,NA
2022-11-05T10:07:24Z,91706,917-06,0,1,NA,NA,NA,NA,NA,NA,NA,NA,NA,NA
2022-11-05T10:07:24Z,91801,918-01,0,1,NA,NA,NA,NA,NA,NA,NA,NA,NA,NA
2022-11-05T10:07:24Z,91802,918-02,0,1,NA,NA,NA,NA,NA,NA,NA,NA,NA,NA
2022-11-05T10:07:24Z,91803,918-03,0,1,NA,NA,NA,NA,NA,NA,NA,NA,NA,NA
2022-11-05T10:07:24Z,91804,918-04,0,1,NA,NA,NA,NA,NA,NA,NA,NA,NA,NA
2022-11-05T10:07:24Z,91805,918-05,0,1,NA,NA,NA,NA,NA,NA,NA,NA,NA,NA
2022-11-05T10:07:24Z,91806,918-06,0,1,NA,NA,NA,NA,NA,NA,NA,NA,NA,NA
2022-11-05T10:07:24Z,91901,919-01,0,1,NA,NA,NA,NA,NA,NA,NA,NA,NA,NA
2022-11-05T10:07:24Z,91902,919-02,0,1,NA,NA,NA,NA,NA,NA,NA,NA,NA,NA
2022-11-05T10:07:24Z,91903,919-03,0,1,NA,NA,NA,NA,NA,NA,NA,NA,NA,NA
2022-11-05T10:07:24Z,91904,919-04,0,1,NA,NA,NA,NA,NA,NA,NA,NA,NA,NA
2022-11-05T10:07:24Z,91905,919-05,0,1,NA,NA,NA,NA,NA,NA,NA,NA,NA,NA
2022-11-05T10:07:24Z,92001,920-01,0,1,NA,NA,NA,NA,NA,NA,NA,NA,NA,NA
2022-11-05T10:07:24Z,92002,920-02,0,1,NA,NA,NA,NA,NA,NA,NA,NA,NA,NA
2022-11-05T10:07:24Z,92003,920-03,0,1,NA,NA,NA,NA,NA,NA,NA,NA,NA,NA
2022-11-05T10:07:24Z,92004,920-04,0,1,NA,NA,NA,NA,NA,NA,NA,NA,NA,NA
2022-11-05T10:07:24Z,92005,920-05,0,1,NA,NA,NA,NA,NA,NA,NA,NA,NA,NA
2022-11-05T10:07:24Z,92101,921-01,0,1,NA,NA,NA,NA,NA,NA,NA,NA,NA,NA
2022-11-05T10:07:24Z,92102,921-02,0,1,NA,NA,NA,NA,NA,NA,NA,NA,NA,NA
2022-11-05T10:07:24Z,92201,922-01,0,1,NA,NA,NA,NA,NA,NA,NA,NA,NA,NA
2022-11-05T10:07:24Z,92202,922-02,0,1,NA,NA,NA,NA,NA,NA,NA,NA,NA,NA
2022-11-05T10:07:24Z,92203,922-03,0,1,NA,NA,NA,NA,NA,NA,NA,NA,NA,NA
2022-11-05T10:07:24Z,92204,922-04,0,1,NA,NA,NA,NA,NA,NA,NA,NA,NA,NA
2022-11-05T10:07:24Z,92205,922-05,0,1,NA,NA,NA,NA,NA,NA,NA,NA,NA,NA
2022-11-05T10:07:24Z,92401,924-01,0,1,NA,NA,NA,NA,NA,NA,NA,NA,NA,NA
2022-11-05T10:07:24Z,92402,924-02,0,1,NA,NA,NA,NA,NA,NA,NA,NA,NA,NA
2022-11-05T10:07:24Z,92403,924-03,0,1,NA,NA,NA,NA,NA,NA,NA,NA,NA,NA
2022-11-05T10:07:24Z,92404,924-04,0,1,NA,NA,NA,NA,NA,NA,NA,NA,NA,NA
2022-11-05T10:07:24Z,92405,924-05,0,1,NA,NA,NA,NA,NA,NA,NA,NA,NA,NA
2022-11-05T10:07:24Z,92501,925-01,0,1,NA,NA,NA,NA,NA,NA,NA,NA,NA,NA
2022-11-05T10:07:24Z,92502,925-02,0,1,NA,NA,NA,NA,NA,NA,NA,NA,NA,NA
2022-11-05T10:07:24Z,92503,925-03,0,1,NA,NA,NA,NA,NA,NA,NA,NA,NA,NA
2022-11-05T10:07:24Z,92504,925-04,0,1,NA,NA,NA,NA,NA,NA,NA,NA,NA,NA
2022-11-05T10:07:24Z,92601,926-01,0,1,NA,NA,NA,NA,NA,NA,NA,NA,NA,NA
2022-11-05T10:07:24Z,92602,926-02,0,1,NA,NA,NA,NA,NA,NA,NA,NA,NA,NA
2022-11-05T10:07:24Z,92603,926-03,0,1,NA,NA,NA,NA,NA,NA,NA,NA,NA,NA
2022-11-05T10:07:24Z,92604,926-04,0,1,NA,NA,NA,NA,NA,NA,NA,NA,NA,NA
2022-11-05T10:07:24Z,92701,927-01,0,1,NA,NA,NA,NA,NA,NA,NA,NA,NA,NA
2022-11-05T10:07:24Z,92702,927-02,0,1,NA,NA,NA,NA,NA,NA,NA,NA,NA,NA
2022-11-05T10:07:24Z,92703,927-03,0,1,NA,NA,NA,NA,NA,NA,NA,NA,NA,NA
2022-11-05T10:07:24Z,92704,927-04,0,1,NA,NA,NA,NA,NA,NA,NA,NA,NA,NA
2022-11-05T10:07:24Z,92705,927-05,0,1,NA,NA,NA,NA,NA,NA,NA,NA,NA,NA
2022-11-05T10:07:24Z,92706,927-06,0,1,NA,NA,NA,NA,NA,NA,NA,NA,NA,NA
2022-11-05T10:07:24Z,92801,928-01,0,1,NA,NA,NA,NA,NA,NA,NA,NA,NA,NA
2022-11-05T10:07:24Z,92802,928-02,0,1,NA,NA,NA,NA,NA,NA,NA,NA,NA,NA
2022-11-05T10:07:24Z,92803,928-03,0,1,NA,NA,NA,NA,NA,NA,NA,NA,NA,NA
2022-11-05T10:07:24Z,92804,928-04,0,1,NA,NA,NA,NA,NA,NA,NA,NA,NA,NA
2022-11-05T10:07:24Z,92901,929-01,0,1,NA,NA,NA,NA,NA,NA,NA,NA,NA,NA
2022-11-05T10:07:24Z,92902,929-02,0,1,NA,NA,NA,NA,NA,NA,NA,NA,NA,NA
2022-11-05T10:07:24Z,92903,929-03,0,1,NA,NA,NA,NA,NA,NA,NA,NA,NA,NA
2022-11-05T10:07:24Z,92904,929-04,0,1,NA,NA,NA,NA,NA,NA,NA,NA,NA,NA
2022-11-05T10:07:24Z,93001,930-01,0,1,NA,NA,NA,NA,NA,NA,NA,NA,NA,NA
2022-11-05T10:07:24Z,93002,930-02,0,1,NA,NA,NA,NA,NA,NA,NA,NA,NA,NA
2022-11-05T10:07:24Z,93003,930-03,0,1,NA,NA,NA,NA,NA,NA,NA,NA,NA,NA
2022-11-05T10:07:24Z,93004,930-04,0,1,NA,NA,NA,NA,NA,NA,NA,NA,NA,NA
2022-11-05T10:07:24Z,93101,931-01,0,1,NA,NA,NA,NA,NA,NA,NA,NA,NA,NA
2022-11-05T10:07:24Z,93102,931-02,0,1,NA,NA,NA,NA,NA,NA,NA,NA,NA,NA
2022-11-05T10:07:24Z,93201,932-01,0,1,NA,NA,NA,NA,NA,NA,NA,NA,NA,NA
2022-11-05T10:07:24Z,93301,933-01,0,1,NA,NA,NA,NA,NA,NA,NA,NA,NA,NA
2022-11-05T10:07:24Z,93401,934-01,0,1,NA,NA,NA,NA,NA,NA,NA,NA,NA,NA
2022-11-05T10:07:24Z,93402,934-02,0,1,NA,NA,NA,NA,NA,NA,NA,NA,NA,NA
2022-11-05T10:07:24Z,93403,934-03,0,1,NA,NA,NA,NA,NA,NA,NA,NA,NA,NA
2022-11-05T10:07:24Z,93501,935-01,0,1,NA,NA,NA,NA,NA,NA,NA,NA,NA,NA
2022-11-05T10:07:24Z,93502,935-02,0,1,NA,NA,NA,NA,NA,NA,NA,NA,NA,NA
2022-11-05T10:07:24Z,93503,935-03,0,1,NA,NA,NA,NA,NA,NA,NA,NA,NA,NA
2022-11-05T10:07:24Z,93504,935-04,0,1,NA,NA,NA,NA,NA,NA,NA,NA,NA,NA
2022-11-05T10:07:24Z,93601,936-01,0,1,NA,NA,NA,NA,NA,NA,NA,NA,NA,NA
2022-11-05T10:07:24Z,93602,936-02,0,1,NA,NA,NA,NA,NA,NA,NA,NA,NA,NA
2022-11-05T10:07:24Z,93603,936-03,0,1,NA,NA,NA,NA,NA,NA,NA,NA,NA,NA
2022-11-05T10:07:24Z,93701,937-01,0,1,NA,NA,NA,NA,NA,NA,NA,NA,NA,NA
2022-11-05T10:07:24Z,93702,937-02,0,1,NA,NA,NA,NA,NA,NA,NA,NA,NA,NA
2022-11-05T10:07:24Z,93703,937-03,0,1,NA,NA,NA,NA,NA,NA,NA,NA,NA,NA
2022-11-05T10:07:24Z,93704,937-04,0,1,NA,NA,NA,NA,NA,NA,NA,NA,NA,NA
2022-11-05T10:07:24Z,93801,938-01,0,1,NA,NA,NA,NA,NA,NA,NA,NA,NA,NA
2022-11-05T10:07:24Z,93802,938-02,0,1,NA,NA,NA,NA,NA,NA,NA,NA,NA,NA
2022-11-05T10:07:24Z,93901,939-01,0,1,NA,NA,NA,NA,NA,NA,NA,NA,NA,NA
2022-11-05T10:07:24Z,93902,939-02,0,1,NA,NA,NA,NA,NA,NA,NA,NA,NA,NA
2022-11-05T10:07:24Z,93903,939-03,0,1,NA,NA,NA,NA,NA,NA,NA,NA,NA,NA
2022-11-05T10:07:24Z,94001,940-01,0,1,NA,NA,NA,NA,NA,NA,NA,NA,NA,NA
2022-11-05T10:07:24Z,94002,940-02,0,1,NA,NA,NA,NA,NA,NA,NA,NA,NA,NA
2022-11-05T10:07:24Z,94003,940-03,0,1,NA,NA,NA,NA,NA,NA,NA,NA,NA,NA
2022-11-05T10:07:24Z,94004,940-04,0,1,NA,NA,NA,NA,NA,NA,NA,NA,NA,NA
2022-11-05T10:07:24Z,94101,941-01,0,1,NA,NA,NA,NA,NA,NA,NA,NA,NA,NA
2022-11-05T10:07:24Z,94102,941-02,0,1,NA,NA,NA,NA,NA,NA,NA,NA,NA,NA
2022-11-05T10:07:24Z,94103,941-03,0,1,NA,NA,NA,NA,NA,NA,NA,NA,NA,NA
2022-11-05T10:07:24Z,94104,941-04,0,1,NA,NA,NA,NA,NA,NA,NA,NA,NA,NA
2022-11-05T10:07:24Z,94201,942-01,0,1,NA,NA,NA,NA,NA,NA,NA,NA,NA,NA
2022-11-05T10:07:24Z,94202,942-02,0,1,NA,NA,NA,NA,NA,NA,NA,NA,NA,NA
2022-11-05T10:07:24Z,94301,943-01,0,1,NA,NA,NA,NA,NA,NA,NA,NA,NA,NA
2022-11-05T10:07:24Z,94302,943-02,0,1,NA,NA,NA,NA,NA,NA,NA,NA,NA,NA
2022-11-05T10:07:24Z,94303,943-03,0,1,NA,NA,NA,NA,NA,NA,NA,NA,NA,NA
2022-11-05T10:07:24Z,94304,943-04,0,1,NA,NA,NA,NA,NA,NA,NA,NA,NA,NA
2022-11-05T10:07:24Z,94305,943-05,0,1,NA,NA,NA,NA,NA,NA,NA,NA,NA,NA
2022-11-05T10:07:24Z,94401,944-01,0,1,NA,NA,NA,NA,NA,NA,NA,NA,NA,NA
2022-11-05T10:07:24Z,94402,944-02,0,1,NA,NA,NA,NA,NA,NA,NA,NA,NA,NA
2022-11-05T10:07:24Z,94501,945-01,0,1,NA,NA,NA,NA,NA,NA,NA,NA,NA,NA
2022-11-05T10:07:24Z,94502,945-02,0,1,NA,NA,NA,NA,NA,NA,NA,NA,NA,NA
2022-11-05T10:07:24Z,94503,945-03,0,1,NA,NA,NA,NA,NA,NA,NA,NA,NA,NA
2022-11-05T10:07:24Z,94601,946-01,0,1,NA,NA,NA,NA,NA,NA,NA,NA,NA,NA
2022-11-05T10:07:24Z,94602,946-02,0,1,NA,NA,NA,NA,NA,NA,NA,NA,NA,NA
2022-11-05T10:07:24Z,94603,946-03,0,1,NA,NA,NA,NA,NA,NA,NA,NA,NA,NA
2022-11-05T10:07:24Z,94604,946-04,0,1,NA,NA,NA,NA,NA,NA,NA,NA,NA,NA
2022-11-05T10:07:24Z,94605,946-05,0,1,NA,NA,NA,NA,NA,NA,NA,NA,NA,NA
2022-11-05T10:07:24Z,94701,947-01,0,1,NA,NA,NA,NA,NA,NA,NA,NA,NA,NA
2022-11-05T10:07:24Z,94702,947-02,0,1,NA,NA,NA,NA,NA,NA,NA,NA,NA,NA
